FIPS,Census_Division
1001,East South Central
1003,East South Central
1005,East South Central
1007,East South Central
1009,East South Central
1011,East South Central
1013,East South Central
1015,East South Central
1017,East South Central
1019,East South Central
1021,East South Central
1023,East South Central
1025,East South Central
1027,East South Central
1029,East South Central
1031,East South Central
1033,East South Central
1035,East South Central
1037,East South Central
1039,East South Central
1041,East South Central
1043,East South Central
1045,East South Central
1047,East South Central
1049,East South Central
1051,East South Central
1053,East South Central
1055,East South Central
1057,East South Central
1059,East South Central
1061,East South Central
1063,East South Central
1065,East South Central
1067,East South Central
1069,East South Central
1071,East South Central
1073,East South Central
1075,East South Central
1077,East South Central
1079,East South Central
1081,East South Central
1083,East South Central
1085,East South Central
1087,East South Central
1089,East South Central
1091,East South Central
1093,East South Central
1095,East South Central
1097,East South Central
1099,East South Central
1101,East South Central
1103,East South Central
1105,East South Central
1107,East South Central
1109,East South Central
1111,East South Central
1113,East South Central
1115,East South Central
1117,East South Central
1119,East South Central
1121,East South Central
1123,East South Central
1125,East South Central
1127,East South Central
1129,East South Central
1131,East South Central
1133,East South Central
2013,Pacific
2016,Pacific
2020,Pacific
2050,Pacific
2060,Pacific
2068,Pacific
2070,Pacific
2090,Pacific
2100,Pacific
2105,Pacific
2110,Pacific
2122,Pacific
2130,Pacific
2150,Pacific
2164,Pacific
2170,Pacific
2180,Pacific
2185,Pacific
2188,Pacific
2195,Pacific
2198,Pacific
2220,Pacific
2230,Pacific
2240,Pacific
2261,Pacific
2270,Mountain
2275,Mountain
2282,Mountain
2290,Mountain
4001,Mountain
4003,Mountain
4005,Mountain
4007,Mountain
4009,Mountain
4011,Mountain
4012,Mountain
4013,Mountain
4015,Mountain
4017,Mountain
4019,Mountain
4021,West South Central
4023,West South Central
4025,West South Central
4027,West South Central
5001,West South Central
5003,West South Central
5005,West South Central
5007,West South Central
5009,West South Central
5011,West South Central
5013,West South Central
5015,West South Central
5017,West South Central
5019,West South Central
5021,West South Central
5023,West South Central
5025,West South Central
5027,West South Central
5029,West South Central
5031,West South Central
5033,West South Central
5035,West South Central
5037,West South Central
5039,West South Central
5041,West South Central
5043,West South Central
5045,West South Central
5047,West South Central
5049,West South Central
5051,West South Central
5053,West South Central
5055,West South Central
5057,West South Central
5059,West South Central
5061,West South Central
5063,West South Central
5065,West South Central
5067,West South Central
5069,West South Central
5071,West South Central
5073,West South Central
5075,West South Central
5077,West South Central
5079,West South Central
5081,West South Central
5083,West South Central
5085,West South Central
5087,West South Central
5089,West South Central
5091,West South Central
5093,West South Central
5095,West South Central
5097,West South Central
5099,West South Central
5101,West South Central
5103,West South Central
5105,West South Central
5107,West South Central
5109,West South Central
5111,West South Central
5113,West South Central
5115,West South Central
5117,West South Central
5119,West South Central
5121,West South Central
5123,West South Central
5125,West South Central
5127,West South Central
5129,West South Central
5131,West South Central
5133,West South Central
5135,West South Central
5137,West South Central
5139,West South Central
5141,Pacific
5143,Pacific
5145,Pacific
5147,Pacific
5149,Pacific
6001,Pacific
6003,Pacific
6005,Pacific
6007,Pacific
6009,Pacific
6011,Pacific
6013,Pacific
6015,Pacific
6017,Pacific
6019,Pacific
6021,Pacific
6023,Pacific
6025,Pacific
6027,Pacific
6029,Pacific
6031,Pacific
6033,Pacific
6035,Pacific
6037,Pacific
6039,Pacific
6041,Pacific
6043,Pacific
6045,Pacific
6047,Pacific
6049,Pacific
6051,Pacific
6053,Pacific
6055,Pacific
6057,Pacific
6059,Pacific
6061,Pacific
6063,Pacific
6065,Pacific
6067,Pacific
6069,Pacific
6071,Pacific
6073,Pacific
6075,Pacific
6077,Pacific
6079,Pacific
6081,Pacific
6083,Pacific
6085,Pacific
6087,Pacific
6089,Pacific
6091,Pacific
6093,Pacific
6095,Pacific
6097,Pacific
6099,Pacific
6101,Pacific
6103,Pacific
6105,Pacific
6107,Mountain
6109,Mountain
6111,Mountain
6113,Mountain
6115,Mountain
8001,Mountain
8003,Mountain
8005,Mountain
8007,Mountain
8009,Mountain
8011,Mountain
8013,Mountain
8014,Mountain
8015,Mountain
8017,Mountain
8019,Mountain
8021,Mountain
8023,Mountain
8025,Mountain
8027,Mountain
8029,Mountain
8031,Mountain
8033,Mountain
8035,Mountain
8037,Mountain
8039,Mountain
8041,Mountain
8043,Mountain
8045,Mountain
8047,Mountain
8049,Mountain
8051,Mountain
8053,Mountain
8055,Mountain
8057,Mountain
8059,Mountain
8061,Mountain
8063,Mountain
8065,Mountain
8067,Mountain
8069,Mountain
8071,Mountain
8073,Mountain
8075,Mountain
8077,Mountain
8079,Mountain
8081,Mountain
8083,Mountain
8085,Mountain
8087,Mountain
8089,Mountain
8091,Mountain
8093,Mountain
8095,Mountain
8097,Mountain
8099,Mountain
8101,Mountain
8103,Mountain
8105,Mountain
8107,Mountain
8109,Mountain
8111,Mountain
8113,Mountain
8115,Mountain
8117,New England
8119,New England
8121,New England
8123,New England
8125,New England
9001,New England
9003,New England
9005,New England
9007,South Atlantic
9009,South Atlantic
9011,South Atlantic
9013,South Atlantic
9015,South Atlantic
10001,South Atlantic
10003,South Atlantic
10005,South Atlantic
11001,South Atlantic
12001,South Atlantic
12003,South Atlantic
12005,South Atlantic
12007,South Atlantic
12009,South Atlantic
12011,South Atlantic
12013,South Atlantic
12015,South Atlantic
12017,South Atlantic
12019,South Atlantic
12021,South Atlantic
12023,South Atlantic
12027,South Atlantic
12029,South Atlantic
12031,South Atlantic
12033,South Atlantic
12035,South Atlantic
12037,South Atlantic
12039,South Atlantic
12041,South Atlantic
12043,South Atlantic
12045,South Atlantic
12047,South Atlantic
12049,South Atlantic
12051,South Atlantic
12053,South Atlantic
12055,South Atlantic
12057,South Atlantic
12059,South Atlantic
12061,South Atlantic
12063,South Atlantic
12065,South Atlantic
12067,South Atlantic
12069,South Atlantic
12071,South Atlantic
12073,South Atlantic
12075,South Atlantic
12077,South Atlantic
12079,South Atlantic
12081,South Atlantic
12083,South Atlantic
12085,South Atlantic
12086,South Atlantic
12087,South Atlantic
12089,South Atlantic
12091,South Atlantic
12093,South Atlantic
12095,South Atlantic
12097,South Atlantic
12099,South Atlantic
12101,South Atlantic
12103,South Atlantic
12105,South Atlantic
12107,South Atlantic
12109,South Atlantic
12111,South Atlantic
12113,South Atlantic
12115,South Atlantic
12117,South Atlantic
12119,South Atlantic
12121,South Atlantic
12123,South Atlantic
12125,South Atlantic
12127,South Atlantic
12129,South Atlantic
12131,South Atlantic
12133,South Atlantic
13001,South Atlantic
13003,South Atlantic
13005,South Atlantic
13007,South Atlantic
13009,South Atlantic
13011,South Atlantic
13013,South Atlantic
13015,South Atlantic
13017,South Atlantic
13019,South Atlantic
13021,South Atlantic
13023,South Atlantic
13025,South Atlantic
13027,South Atlantic
13029,South Atlantic
13031,South Atlantic
13033,South Atlantic
13035,South Atlantic
13037,South Atlantic
13039,South Atlantic
13043,South Atlantic
13045,South Atlantic
13047,South Atlantic
13049,South Atlantic
13051,South Atlantic
13053,South Atlantic
13055,South Atlantic
13057,South Atlantic
13059,South Atlantic
13061,South Atlantic
13063,South Atlantic
13065,South Atlantic
13067,South Atlantic
13069,South Atlantic
13071,South Atlantic
13073,South Atlantic
13075,South Atlantic
13077,South Atlantic
13079,South Atlantic
13081,South Atlantic
13083,South Atlantic
13085,South Atlantic
13087,South Atlantic
13089,South Atlantic
13091,South Atlantic
13093,South Atlantic
13095,South Atlantic
13097,South Atlantic
13099,South Atlantic
13101,South Atlantic
13103,South Atlantic
13105,South Atlantic
13107,South Atlantic
13109,South Atlantic
13111,South Atlantic
13113,South Atlantic
13115,South Atlantic
13117,South Atlantic
13119,South Atlantic
13121,South Atlantic
13123,South Atlantic
13125,South Atlantic
13127,South Atlantic
13129,South Atlantic
13131,South Atlantic
13133,South Atlantic
13135,South Atlantic
13137,South Atlantic
13139,South Atlantic
13141,South Atlantic
13143,South Atlantic
13145,South Atlantic
13147,South Atlantic
13149,South Atlantic
13151,South Atlantic
13153,South Atlantic
13155,South Atlantic
13157,South Atlantic
13159,South Atlantic
13161,South Atlantic
13163,South Atlantic
13165,South Atlantic
13167,South Atlantic
13169,South Atlantic
13171,South Atlantic
13173,South Atlantic
13175,South Atlantic
13177,South Atlantic
13179,South Atlantic
13181,South Atlantic
13183,South Atlantic
13185,South Atlantic
13187,South Atlantic
13189,South Atlantic
13191,South Atlantic
13193,South Atlantic
13195,South Atlantic
13197,South Atlantic
13199,South Atlantic
13201,South Atlantic
13205,South Atlantic
13207,South Atlantic
13209,South Atlantic
13211,South Atlantic
13213,South Atlantic
13215,South Atlantic
13217,South Atlantic
13219,South Atlantic
13221,South Atlantic
13223,South Atlantic
13225,South Atlantic
13227,South Atlantic
13229,South Atlantic
13231,South Atlantic
13233,South Atlantic
13235,South Atlantic
13237,South Atlantic
13239,South Atlantic
13241,South Atlantic
13243,South Atlantic
13245,South Atlantic
13247,South Atlantic
13249,South Atlantic
13251,South Atlantic
13253,South Atlantic
13255,South Atlantic
13257,South Atlantic
13259,South Atlantic
13261,South Atlantic
13263,South Atlantic
13265,South Atlantic
13267,South Atlantic
13269,South Atlantic
13271,South Atlantic
13273,South Atlantic
13275,South Atlantic
13277,South Atlantic
13279,South Atlantic
13281,South Atlantic
13283,South Atlantic
13285,South Atlantic
13287,South Atlantic
13289,South Atlantic
13291,South Atlantic
13293,South Atlantic
13295,South Atlantic
13297,South Atlantic
13299,South Atlantic
13301,South Atlantic
13303,South Atlantic
13305,South Atlantic
13307,South Atlantic
13309,South Atlantic
13311,South Atlantic
13313,Pacific
13315,Pacific
13317,Pacific
13319,Pacific
13321,Mountain
15001,Mountain
15003,Mountain
15007,Mountain
15009,Mountain
16001,Mountain
16003,Mountain
16005,Mountain
16007,Mountain
16009,Mountain
16011,Mountain
16013,Mountain
16015,Mountain
16017,Mountain
16019,Mountain
16021,Mountain
16023,Mountain
16025,Mountain
16027,Mountain
16029,Mountain
16031,Mountain
16033,Mountain
16035,Mountain
16037,Mountain
16039,Mountain
16041,Mountain
16043,Mountain
16045,Mountain
16047,Mountain
16049,Mountain
16051,Mountain
16053,Mountain
16055,Mountain
16057,Mountain
16059,Mountain
16061,Mountain
16063,Mountain
16065,Mountain
16067,Mountain
16069,Mountain
16071,Mountain
16073,Mountain
16075,Mountain
16077,Mountain
16079,East North Central
16081,East North Central
16083,East North Central
16085,East North Central
16087,East North Central
17001,East North Central
17003,East North Central
17005,East North Central
17007,East North Central
17009,East North Central
17011,East North Central
17013,East North Central
17015,East North Central
17017,East North Central
17019,East North Central
17021,East North Central
17023,East North Central
17025,East North Central
17027,East North Central
17029,East North Central
17031,East North Central
17033,East North Central
17035,East North Central
17037,East North Central
17039,East North Central
17041,East North Central
17043,East North Central
17045,East North Central
17047,East North Central
17049,East North Central
17051,East North Central
17053,East North Central
17055,East North Central
17057,East North Central
17059,East North Central
17061,East North Central
17063,East North Central
17065,East North Central
17067,East North Central
17069,East North Central
17071,East North Central
17073,East North Central
17075,East North Central
17077,East North Central
17079,East North Central
17081,East North Central
17083,East North Central
17085,East North Central
17087,East North Central
17089,East North Central
17091,East North Central
17093,East North Central
17095,East North Central
17097,East North Central
17099,East North Central
17101,East North Central
17103,East North Central
17105,East North Central
17107,East North Central
17109,East North Central
17111,East North Central
17113,East North Central
17115,East North Central
17117,East North Central
17119,East North Central
17121,East North Central
17123,East North Central
17125,East North Central
17127,East North Central
17129,East North Central
17131,East North Central
17133,East North Central
17135,East North Central
17137,East North Central
17139,East North Central
17141,East North Central
17143,East North Central
17145,East North Central
17147,East North Central
17149,East North Central
17151,East North Central
17153,East North Central
17155,East North Central
17157,East North Central
17159,East North Central
17161,East North Central
17163,East North Central
17165,East North Central
17167,East North Central
17169,East North Central
17171,East North Central
17173,East North Central
17175,East North Central
17177,East North Central
17179,East North Central
17181,East North Central
17183,East North Central
17185,East North Central
17187,East North Central
17189,East North Central
17191,East North Central
17193,East North Central
17195,East North Central
17197,East North Central
17199,East North Central
17201,East North Central
17203,East North Central
18001,East North Central
18003,East North Central
18005,East North Central
18007,East North Central
18009,East North Central
18011,East North Central
18013,East North Central
18015,East North Central
18017,East North Central
18019,East North Central
18021,East North Central
18023,East North Central
18025,East North Central
18027,East North Central
18029,East North Central
18031,East North Central
18033,East North Central
18035,East North Central
18037,East North Central
18039,East North Central
18041,East North Central
18043,East North Central
18045,East North Central
18047,East North Central
18049,East North Central
18051,East North Central
18053,East North Central
18055,East North Central
18057,East North Central
18059,East North Central
18061,East North Central
18063,East North Central
18065,East North Central
18067,East North Central
18069,East North Central
18071,East North Central
18073,East North Central
18075,East North Central
18077,East North Central
18079,East North Central
18081,East North Central
18083,East North Central
18085,East North Central
18087,East North Central
18089,East North Central
18091,East North Central
18093,East North Central
18095,East North Central
18097,East North Central
18099,East North Central
18101,East North Central
18103,East North Central
18105,East North Central
18107,East North Central
18109,East North Central
18111,East North Central
18113,East North Central
18115,East North Central
18117,East North Central
18119,East North Central
18121,East North Central
18123,East North Central
18125,East North Central
18127,East North Central
18129,East North Central
18131,East North Central
18133,East North Central
18135,East North Central
18137,East North Central
18139,East North Central
18141,East North Central
18143,East North Central
18145,East North Central
18147,East North Central
18149,East North Central
18151,East North Central
18153,East North Central
18155,East North Central
18157,East North Central
18159,East North Central
18161,East North Central
18163,East North Central
18165,East North Central
18167,East North Central
18169,East North Central
18171,East North Central
18173,East North Central
18175,West North Central
18177,West North Central
18179,West North Central
18181,West North Central
18183,West North Central
19001,West North Central
19003,West North Central
19005,West North Central
19007,West North Central
19009,West North Central
19011,West North Central
19013,West North Central
19015,West North Central
19017,West North Central
19019,West North Central
19021,West North Central
19023,West North Central
19025,West North Central
19027,West North Central
19029,West North Central
19031,West North Central
19033,West North Central
19035,West North Central
19037,West North Central
19039,West North Central
19041,West North Central
19043,West North Central
19045,West North Central
19047,West North Central
19049,West North Central
19051,West North Central
19053,West North Central
19055,West North Central
19057,West North Central
19059,West North Central
19061,West North Central
19063,West North Central
19065,West North Central
19067,West North Central
19069,West North Central
19071,West North Central
19073,West North Central
19075,West North Central
19077,West North Central
19079,West North Central
19081,West North Central
19083,West North Central
19085,West North Central
19087,West North Central
19089,West North Central
19091,West North Central
19093,West North Central
19095,West North Central
19097,West North Central
19099,West North Central
19101,West North Central
19103,West North Central
19105,West North Central
19107,West North Central
19109,West North Central
19111,West North Central
19113,West North Central
19115,West North Central
19117,West North Central
19119,West North Central
19121,West North Central
19123,West North Central
19125,West North Central
19127,West North Central
19129,West North Central
19131,West North Central
19133,West North Central
19135,West North Central
19137,West North Central
19139,West North Central
19141,West North Central
19143,West North Central
19145,West North Central
19147,West North Central
19149,West North Central
19151,West North Central
19153,West North Central
19155,West North Central
19157,West North Central
19159,West North Central
19161,West North Central
19163,West North Central
19165,West North Central
19167,West North Central
19169,West North Central
19171,West North Central
19173,West North Central
19175,West North Central
19177,West North Central
19179,West North Central
19181,West North Central
19183,West North Central
19185,West North Central
19187,West North Central
19189,West North Central
19191,West North Central
19193,West North Central
19195,West North Central
19197,West North Central
20001,West North Central
20003,West North Central
20005,West North Central
20007,West North Central
20009,West North Central
20011,West North Central
20013,West North Central
20015,West North Central
20017,West North Central
20019,West North Central
20021,West North Central
20023,West North Central
20025,West North Central
20027,West North Central
20029,West North Central
20031,West North Central
20033,West North Central
20035,West North Central
20037,West North Central
20039,West North Central
20041,West North Central
20043,West North Central
20045,West North Central
20047,West North Central
20049,West North Central
20051,West North Central
20053,West North Central
20055,West North Central
20057,West North Central
20059,West North Central
20061,West North Central
20063,West North Central
20065,West North Central
20067,West North Central
20069,West North Central
20071,West North Central
20073,West North Central
20075,West North Central
20077,West North Central
20079,West North Central
20081,West North Central
20083,West North Central
20085,West North Central
20087,West North Central
20089,West North Central
20091,West North Central
20093,West North Central
20095,West North Central
20097,West North Central
20099,West North Central
20101,West North Central
20103,West North Central
20105,West North Central
20107,West North Central
20109,West North Central
20111,West North Central
20113,West North Central
20115,West North Central
20117,West North Central
20119,West North Central
20121,West North Central
20123,West North Central
20125,West North Central
20127,West North Central
20129,West North Central
20131,West North Central
20133,West North Central
20135,West North Central
20137,West North Central
20139,West North Central
20141,West North Central
20143,West North Central
20145,West North Central
20147,West North Central
20149,West North Central
20151,West North Central
20153,West North Central
20155,West North Central
20157,West North Central
20159,West North Central
20161,West North Central
20163,West North Central
20165,West North Central
20167,West North Central
20169,West North Central
20171,West North Central
20173,West North Central
20175,West North Central
20177,West North Central
20179,West North Central
20181,West North Central
20183,West North Central
20185,West North Central
20187,West North Central
20189,West North Central
20191,West North Central
20193,West North Central
20195,West North Central
20197,West North Central
20199,West North Central
20201,East South Central
20203,East South Central
20205,East South Central
20207,East South Central
20209,East South Central
21001,East South Central
21003,East South Central
21005,East South Central
21007,East South Central
21009,East South Central
21011,East South Central
21013,East South Central
21015,East South Central
21017,East South Central
21019,East South Central
21021,East South Central
21023,East South Central
21025,East South Central
21027,East South Central
21029,East South Central
21031,East South Central
21033,East South Central
21035,East South Central
21037,East South Central
21039,East South Central
21041,East South Central
21043,East South Central
21045,East South Central
21047,East South Central
21049,East South Central
21051,East South Central
21053,East South Central
21055,East South Central
21057,East South Central
21059,East South Central
21061,East South Central
21063,East South Central
21065,East South Central
21067,East South Central
21069,East South Central
21071,East South Central
21073,East South Central
21075,East South Central
21077,East South Central
21079,East South Central
21081,East South Central
21083,East South Central
21085,East South Central
21087,East South Central
21089,East South Central
21091,East South Central
21093,East South Central
21095,East South Central
21097,East South Central
21099,East South Central
21101,East South Central
21103,East South Central
21105,East South Central
21107,East South Central
21109,East South Central
21111,East South Central
21113,East South Central
21115,East South Central
21117,East South Central
21119,East South Central
21121,East South Central
21123,East South Central
21125,East South Central
21127,East South Central
21129,East South Central
21131,East South Central
21133,East South Central
21135,East South Central
21137,East South Central
21139,East South Central
21141,East South Central
21143,East South Central
21145,East South Central
21147,East South Central
21149,East South Central
21151,East South Central
21153,East South Central
21155,East South Central
21157,East South Central
21159,East South Central
21161,East South Central
21163,East South Central
21165,East South Central
21167,East South Central
21169,East South Central
21171,East South Central
21173,East South Central
21175,East South Central
21177,East South Central
21179,East South Central
21181,East South Central
21183,East South Central
21185,East South Central
21187,East South Central
21189,East South Central
21191,East South Central
21193,East South Central
21195,East South Central
21197,East South Central
21199,East South Central
21201,East South Central
21203,East South Central
21205,East South Central
21207,East South Central
21209,East South Central
21211,East South Central
21213,East South Central
21215,East South Central
21217,East South Central
21219,East South Central
21221,East South Central
21223,East South Central
21225,East South Central
21227,East South Central
21229,East South Central
21231,West South Central
21233,West South Central
21235,West South Central
21237,West South Central
21239,West South Central
22001,West South Central
22003,West South Central
22005,West South Central
22007,West South Central
22009,West South Central
22011,West South Central
22013,West South Central
22015,West South Central
22017,West South Central
22019,West South Central
22021,West South Central
22023,West South Central
22025,West South Central
22027,West South Central
22029,West South Central
22031,West South Central
22033,West South Central
22035,West South Central
22037,West South Central
22039,West South Central
22041,West South Central
22043,West South Central
22045,West South Central
22047,West South Central
22049,West South Central
22051,West South Central
22053,West South Central
22055,West South Central
22057,West South Central
22059,West South Central
22061,West South Central
22063,West South Central
22065,West South Central
22067,West South Central
22069,West South Central
22071,West South Central
22073,West South Central
22075,West South Central
22077,West South Central
22079,West South Central
22081,West South Central
22083,West South Central
22085,West South Central
22087,West South Central
22089,West South Central
22091,West South Central
22093,West South Central
22095,West South Central
22097,West South Central
22099,West South Central
22101,West South Central
22103,West South Central
22105,West South Central
22107,West South Central
22109,West South Central
22111,West South Central
22113,West South Central
22115,West South Central
22117,West South Central
22119,New England
22121,New England
22123,New England
22125,New England
22127,New England
23001,New England
23003,New England
23005,New England
23007,New England
23009,New England
23011,New England
23013,New England
23015,New England
23017,New England
23019,New England
23021,New England
23023,South Atlantic
23025,South Atlantic
23027,South Atlantic
23029,South Atlantic
23031,South Atlantic
24001,South Atlantic
24003,South Atlantic
24005,South Atlantic
24009,South Atlantic
24011,South Atlantic
24013,South Atlantic
24015,South Atlantic
24017,South Atlantic
24019,South Atlantic
24021,South Atlantic
24023,South Atlantic
24025,South Atlantic
24027,South Atlantic
24029,South Atlantic
24031,South Atlantic
24033,South Atlantic
24035,South Atlantic
24037,South Atlantic
24039,South Atlantic
24041,New England
24043,New England
24045,New England
24047,New England
24510,New England
25001,New England
25003,New England
25005,New England
25007,New England
25009,New England
25011,New England
25013,New England
25015,New England
25017,New England
25019,East North Central
25021,East North Central
25023,East North Central
25025,East North Central
25027,East North Central
26001,East North Central
26003,East North Central
26005,East North Central
26007,East North Central
26009,East North Central
26011,East North Central
26013,East North Central
26015,East North Central
26017,East North Central
26019,East North Central
26021,East North Central
26023,East North Central
26025,East North Central
26027,East North Central
26029,East North Central
26031,East North Central
26033,East North Central
26035,East North Central
26037,East North Central
26039,East North Central
26041,East North Central
26043,East North Central
26045,East North Central
26047,East North Central
26049,East North Central
26051,East North Central
26053,East North Central
26055,East North Central
26057,East North Central
26059,East North Central
26061,East North Central
26063,East North Central
26065,East North Central
26067,East North Central
26069,East North Central
26071,East North Central
26073,East North Central
26075,East North Central
26077,East North Central
26079,East North Central
26081,East North Central
26083,East North Central
26085,East North Central
26087,East North Central
26089,East North Central
26091,East North Central
26093,East North Central
26095,East North Central
26097,East North Central
26099,East North Central
26101,East North Central
26103,East North Central
26105,East North Central
26107,East North Central
26109,East North Central
26111,East North Central
26113,East North Central
26115,East North Central
26117,East North Central
26119,East North Central
26121,East North Central
26123,East North Central
26125,East North Central
26127,East North Central
26129,East North Central
26131,East North Central
26133,East North Central
26135,East North Central
26137,East North Central
26139,East North Central
26141,East North Central
26143,East North Central
26145,East North Central
26147,East North Central
26149,East North Central
26151,East North Central
26153,East North Central
26155,East North Central
26157,West North Central
26159,West North Central
26161,West North Central
26163,West North Central
26165,West North Central
27001,West North Central
27003,West North Central
27005,West North Central
27007,West North Central
27009,West North Central
27011,West North Central
27013,West North Central
27015,West North Central
27017,West North Central
27019,West North Central
27021,West North Central
27023,West North Central
27025,West North Central
27027,West North Central
27029,West North Central
27031,West North Central
27033,West North Central
27035,West North Central
27037,West North Central
27039,West North Central
27041,West North Central
27043,West North Central
27045,West North Central
27047,West North Central
27049,West North Central
27051,West North Central
27053,West North Central
27055,West North Central
27057,West North Central
27059,West North Central
27061,West North Central
27063,West North Central
27065,West North Central
27067,West North Central
27069,West North Central
27071,West North Central
27073,West North Central
27075,West North Central
27077,West North Central
27079,West North Central
27081,West North Central
27083,West North Central
27085,West North Central
27087,West North Central
27089,West North Central
27091,West North Central
27093,West North Central
27095,West North Central
27097,West North Central
27099,West North Central
27101,West North Central
27103,West North Central
27105,West North Central
27107,West North Central
27109,West North Central
27111,West North Central
27113,West North Central
27115,West North Central
27117,West North Central
27119,West North Central
27121,West North Central
27123,West North Central
27125,West North Central
27127,West North Central
27129,West North Central
27131,West North Central
27133,West North Central
27135,West North Central
27137,West North Central
27139,West North Central
27141,West North Central
27143,West North Central
27145,West North Central
27147,West North Central
27149,West North Central
27151,West North Central
27153,West North Central
27155,West North Central
27157,West North Central
27159,West North Central
27161,West North Central
27163,West North Central
27165,East South Central
27167,East South Central
27169,East South Central
27171,East South Central
27173,East South Central
28001,East South Central
28003,East South Central
28005,East South Central
28007,East South Central
28009,East South Central
28011,East South Central
28013,East South Central
28015,East South Central
28017,East South Central
28019,East South Central
28021,East South Central
28023,East South Central
28025,East South Central
28027,East South Central
28029,East South Central
28031,East South Central
28033,East South Central
28035,East South Central
28037,East South Central
28039,East South Central
28041,East South Central
28043,East South Central
28045,East South Central
28047,East South Central
28049,East South Central
28051,East South Central
28053,East South Central
28055,East South Central
28057,East South Central
28059,East South Central
28061,East South Central
28063,East South Central
28065,East South Central
28067,East South Central
28069,East South Central
28071,East South Central
28073,East South Central
28075,East South Central
28077,East South Central
28079,East South Central
28081,East South Central
28083,East South Central
28085,East South Central
28087,East South Central
28089,East South Central
28091,East South Central
28093,East South Central
28095,East South Central
28097,East South Central
28099,East South Central
28101,East South Central
28103,East South Central
28105,East South Central
28107,East South Central
28109,East South Central
28111,East South Central
28113,East South Central
28115,East South Central
28117,East South Central
28119,East South Central
28121,East South Central
28123,East South Central
28125,East South Central
28127,East South Central
28129,East South Central
28131,East South Central
28133,East South Central
28135,East South Central
28137,East South Central
28139,East South Central
28141,East South Central
28143,East South Central
28145,East South Central
28147,East South Central
28149,East South Central
28151,East South Central
28153,East South Central
28155,West North Central
28157,West North Central
28159,West North Central
28161,West North Central
28163,West North Central
29001,West North Central
29003,West North Central
29005,West North Central
29007,West North Central
29009,West North Central
29011,West North Central
29013,West North Central
29015,West North Central
29017,West North Central
29019,West North Central
29021,West North Central
29023,West North Central
29025,West North Central
29027,West North Central
29029,West North Central
29031,West North Central
29033,West North Central
29035,West North Central
29037,West North Central
29039,West North Central
29041,West North Central
29043,West North Central
29045,West North Central
29047,West North Central
29049,West North Central
29051,West North Central
29053,West North Central
29055,West North Central
29057,West North Central
29059,West North Central
29061,West North Central
29063,West North Central
29065,West North Central
29067,West North Central
29069,West North Central
29071,West North Central
29073,West North Central
29075,West North Central
29077,West North Central
29079,West North Central
29081,West North Central
29083,West North Central
29085,West North Central
29087,West North Central
29089,West North Central
29091,West North Central
29093,West North Central
29095,West North Central
29097,West North Central
29099,West North Central
29101,West North Central
29103,West North Central
29105,West North Central
29107,West North Central
29109,West North Central
29111,West North Central
29113,West North Central
29115,West North Central
29117,West North Central
29119,West North Central
29121,West North Central
29123,West North Central
29125,West North Central
29127,West North Central
29129,West North Central
29131,West North Central
29133,West North Central
29135,West North Central
29137,West North Central
29139,West North Central
29141,West North Central
29143,West North Central
29145,West North Central
29147,West North Central
29149,West North Central
29151,West North Central
29153,West North Central
29155,West North Central
29157,West North Central
29159,West North Central
29161,West North Central
29163,West North Central
29165,West North Central
29167,West North Central
29169,West North Central
29171,West North Central
29173,West North Central
29175,West North Central
29177,West North Central
29179,West North Central
29181,West North Central
29183,West North Central
29185,West North Central
29186,West North Central
29187,West North Central
29189,West North Central
29195,West North Central
29197,West North Central
29199,West North Central
29201,West North Central
29203,West North Central
29205,West North Central
29207,West North Central
29209,West North Central
29211,West North Central
29213,West North Central
29215,West North Central
29217,West North Central
29219,West North Central
29221,West North Central
29223,Mountain
29225,Mountain
29227,Mountain
29229,Mountain
29510,Mountain
30001,Mountain
30003,Mountain
30005,Mountain
30007,Mountain
30009,Mountain
30011,Mountain
30013,Mountain
30015,Mountain
30017,Mountain
30019,Mountain
30021,Mountain
30023,Mountain
30025,Mountain
30027,Mountain
30029,Mountain
30031,Mountain
30033,Mountain
30035,Mountain
30037,Mountain
30039,Mountain
30041,Mountain
30043,Mountain
30045,Mountain
30047,Mountain
30049,Mountain
30051,Mountain
30053,Mountain
30055,Mountain
30057,Mountain
30059,Mountain
30061,Mountain
30063,Mountain
30065,Mountain
30067,Mountain
30069,Mountain
30071,Mountain
30073,Mountain
30075,Mountain
30077,Mountain
30079,Mountain
30081,Mountain
30083,Mountain
30085,Mountain
30087,Mountain
30089,Mountain
30091,Mountain
30093,Mountain
30095,Mountain
30097,Mountain
30099,Mountain
30101,Mountain
30103,West North Central
30105,West North Central
30107,West North Central
30109,West North Central
30111,West North Central
31001,West North Central
31003,West North Central
31005,West North Central
31007,West North Central
31009,West North Central
31011,West North Central
31013,West North Central
31015,West North Central
31017,West North Central
31019,West North Central
31021,West North Central
31023,West North Central
31025,West North Central
31027,West North Central
31029,West North Central
31031,West North Central
31033,West North Central
31035,West North Central
31037,West North Central
31039,West North Central
31041,West North Central
31043,West North Central
31045,West North Central
31047,West North Central
31049,West North Central
31051,West North Central
31053,West North Central
31055,West North Central
31057,West North Central
31059,West North Central
31061,West North Central
31063,West North Central
31065,West North Central
31067,West North Central
31069,West North Central
31071,West North Central
31073,West North Central
31075,West North Central
31077,West North Central
31079,West North Central
31081,West North Central
31083,West North Central
31085,West North Central
31087,West North Central
31089,West North Central
31091,West North Central
31093,West North Central
31095,West North Central
31097,West North Central
31099,West North Central
31101,West North Central
31103,West North Central
31105,West North Central
31107,West North Central
31109,West North Central
31111,West North Central
31113,West North Central
31115,West North Central
31117,West North Central
31119,West North Central
31121,West North Central
31123,West North Central
31125,West North Central
31127,West North Central
31129,West North Central
31131,West North Central
31133,West North Central
31135,West North Central
31137,West North Central
31139,West North Central
31141,West North Central
31143,West North Central
31145,West North Central
31147,West North Central
31149,West North Central
31151,West North Central
31153,West North Central
31155,West North Central
31157,West North Central
31159,West North Central
31161,West North Central
31163,West North Central
31165,West North Central
31167,West North Central
31169,West North Central
31171,West North Central
31173,West North Central
31175,West North Central
31177,Mountain
31179,Mountain
31181,Mountain
31183,Mountain
31185,Mountain
32001,Mountain
32003,Mountain
32005,Mountain
32007,Mountain
32009,Mountain
32011,Mountain
32013,Mountain
32015,Mountain
32017,Mountain
32019,Mountain
32021,Mountain
32023,Mountain
32027,New England
32029,New England
32031,New England
32033,New England
32510,New England
33001,New England
33003,New England
33005,New England
33007,New England
33009,New England
33011,Middle Atlantic
33013,Middle Atlantic
33015,Middle Atlantic
33017,Middle Atlantic
33019,Middle Atlantic
34001,Middle Atlantic
34003,Middle Atlantic
34005,Middle Atlantic
34007,Middle Atlantic
34009,Middle Atlantic
34011,Middle Atlantic
34013,Middle Atlantic
34015,Middle Atlantic
34017,Middle Atlantic
34019,Middle Atlantic
34021,Middle Atlantic
34023,Middle Atlantic
34025,Middle Atlantic
34027,Middle Atlantic
34029,Middle Atlantic
34031,Middle Atlantic
34033,Mountain
34035,Mountain
34037,Mountain
34039,Mountain
34041,Mountain
35001,Mountain
35003,Mountain
35005,Mountain
35006,Mountain
35007,Mountain
35009,Mountain
35011,Mountain
35013,Mountain
35015,Mountain
35017,Mountain
35019,Mountain
35021,Mountain
35023,Mountain
35025,Mountain
35027,Mountain
35028,Mountain
35029,Mountain
35031,Mountain
35033,Mountain
35035,Mountain
35037,Mountain
35039,Mountain
35041,Mountain
35043,Mountain
35045,Mountain
35047,Mountain
35049,Mountain
35051,Mountain
35053,Middle Atlantic
35055,Middle Atlantic
35057,Middle Atlantic
35059,Middle Atlantic
35061,Middle Atlantic
36001,Middle Atlantic
36003,Middle Atlantic
36005,Middle Atlantic
36007,Middle Atlantic
36009,Middle Atlantic
36011,Middle Atlantic
36013,Middle Atlantic
36015,Middle Atlantic
36017,Middle Atlantic
36019,Middle Atlantic
36021,Middle Atlantic
36023,Middle Atlantic
36025,Middle Atlantic
36027,Middle Atlantic
36029,Middle Atlantic
36031,Middle Atlantic
36033,Middle Atlantic
36035,Middle Atlantic
36037,Middle Atlantic
36039,Middle Atlantic
36041,Middle Atlantic
36043,Middle Atlantic
36045,Middle Atlantic
36047,Middle Atlantic
36049,Middle Atlantic
36051,Middle Atlantic
36053,Middle Atlantic
36055,Middle Atlantic
36057,Middle Atlantic
36059,Middle Atlantic
36061,Middle Atlantic
36063,Middle Atlantic
36065,Middle Atlantic
36067,Middle Atlantic
36069,Middle Atlantic
36071,Middle Atlantic
36073,Middle Atlantic
36075,Middle Atlantic
36077,Middle Atlantic
36079,Middle Atlantic
36081,Middle Atlantic
36083,Middle Atlantic
36085,Middle Atlantic
36087,Middle Atlantic
36089,Middle Atlantic
36091,Middle Atlantic
36093,Middle Atlantic
36095,Middle Atlantic
36097,Middle Atlantic
36099,Middle Atlantic
36101,Middle Atlantic
36103,Middle Atlantic
36105,Middle Atlantic
36107,Middle Atlantic
36109,Middle Atlantic
36111,Middle Atlantic
36113,Middle Atlantic
36115,South Atlantic
36117,South Atlantic
36119,South Atlantic
36121,South Atlantic
36123,South Atlantic
37001,South Atlantic
37003,South Atlantic
37005,South Atlantic
37007,South Atlantic
37009,South Atlantic
37011,South Atlantic
37013,South Atlantic
37015,South Atlantic
37017,South Atlantic
37019,South Atlantic
37021,South Atlantic
37023,South Atlantic
37025,South Atlantic
37027,South Atlantic
37029,South Atlantic
37031,South Atlantic
37033,South Atlantic
37035,South Atlantic
37037,South Atlantic
37039,South Atlantic
37041,South Atlantic
37043,South Atlantic
37045,South Atlantic
37047,South Atlantic
37049,South Atlantic
37051,South Atlantic
37053,South Atlantic
37055,South Atlantic
37057,South Atlantic
37059,South Atlantic
37061,South Atlantic
37063,South Atlantic
37065,South Atlantic
37067,South Atlantic
37069,South Atlantic
37071,South Atlantic
37073,South Atlantic
37075,South Atlantic
37077,South Atlantic
37079,South Atlantic
37081,South Atlantic
37083,South Atlantic
37085,South Atlantic
37087,South Atlantic
37089,South Atlantic
37091,South Atlantic
37093,South Atlantic
37095,South Atlantic
37097,South Atlantic
37099,South Atlantic
37101,South Atlantic
37103,South Atlantic
37105,South Atlantic
37107,South Atlantic
37109,South Atlantic
37111,South Atlantic
37113,South Atlantic
37115,South Atlantic
37117,South Atlantic
37119,South Atlantic
37121,South Atlantic
37123,South Atlantic
37125,South Atlantic
37127,South Atlantic
37129,South Atlantic
37131,South Atlantic
37133,South Atlantic
37135,South Atlantic
37137,South Atlantic
37139,South Atlantic
37141,South Atlantic
37143,South Atlantic
37145,South Atlantic
37147,South Atlantic
37149,South Atlantic
37151,South Atlantic
37153,South Atlantic
37155,South Atlantic
37157,South Atlantic
37159,South Atlantic
37161,South Atlantic
37163,South Atlantic
37165,South Atlantic
37167,South Atlantic
37169,South Atlantic
37171,South Atlantic
37173,South Atlantic
37175,South Atlantic
37177,South Atlantic
37179,South Atlantic
37181,South Atlantic
37183,South Atlantic
37185,South Atlantic
37187,South Atlantic
37189,South Atlantic
37191,West North Central
37193,West North Central
37195,West North Central
37197,West North Central
37199,West North Central
38001,West North Central
38003,West North Central
38005,West North Central
38007,West North Central
38009,West North Central
38011,West North Central
38013,West North Central
38015,West North Central
38017,West North Central
38019,West North Central
38021,West North Central
38023,West North Central
38025,West North Central
38027,West North Central
38029,West North Central
38031,West North Central
38033,West North Central
38035,West North Central
38037,West North Central
38039,West North Central
38041,West North Central
38043,West North Central
38045,West North Central
38047,West North Central
38049,West North Central
38051,West North Central
38053,West North Central
38055,West North Central
38057,West North Central
38059,West North Central
38061,West North Central
38063,West North Central
38065,West North Central
38067,West North Central
38069,West North Central
38071,West North Central
38073,West North Central
38075,West North Central
38077,West North Central
38079,West North Central
38081,West North Central
38083,West North Central
38085,West North Central
38087,West North Central
38089,West North Central
38091,West North Central
38093,West North Central
38095,West North Central
38097,East North Central
38099,East North Central
38101,East North Central
38103,East North Central
38105,East North Central
39001,East North Central
39003,East North Central
39005,East North Central
39007,East North Central
39009,East North Central
39011,East North Central
39013,East North Central
39015,East North Central
39017,East North Central
39019,East North Central
39021,East North Central
39023,East North Central
39025,East North Central
39027,East North Central
39029,East North Central
39031,East North Central
39033,East North Central
39035,East North Central
39037,East North Central
39039,East North Central
39041,East North Central
39043,East North Central
39045,East North Central
39047,East North Central
39049,East North Central
39051,East North Central
39053,East North Central
39055,East North Central
39057,East North Central
39059,East North Central
39061,East North Central
39063,East North Central
39065,East North Central
39067,East North Central
39069,East North Central
39071,East North Central
39073,East North Central
39075,East North Central
39077,East North Central
39079,East North Central
39081,East North Central
39083,East North Central
39085,East North Central
39087,East North Central
39089,East North Central
39091,East North Central
39093,East North Central
39095,East North Central
39097,East North Central
39099,East North Central
39101,East North Central
39103,East North Central
39105,East North Central
39107,East North Central
39109,East North Central
39111,East North Central
39113,East North Central
39115,East North Central
39117,East North Central
39119,East North Central
39121,East North Central
39123,East North Central
39125,East North Central
39127,East North Central
39129,East North Central
39131,East North Central
39133,East North Central
39135,East North Central
39137,East North Central
39139,East North Central
39141,East North Central
39143,East North Central
39145,East North Central
39147,East North Central
39149,East North Central
39151,East North Central
39153,East North Central
39155,East North Central
39157,East North Central
39159,East North Central
39161,East North Central
39163,East North Central
39165,East North Central
39167,West South Central
39169,West South Central
39171,West South Central
39173,West South Central
39175,West South Central
40001,West South Central
40003,West South Central
40005,West South Central
40007,West South Central
40009,West South Central
40011,West South Central
40013,West South Central
40015,West South Central
40017,West South Central
40019,West South Central
40021,West South Central
40023,West South Central
40025,West South Central
40027,West South Central
40029,West South Central
40031,West South Central
40033,West South Central
40035,West South Central
40037,West South Central
40039,West South Central
40041,West South Central
40043,West South Central
40045,West South Central
40047,West South Central
40049,West South Central
40051,West South Central
40053,West South Central
40055,West South Central
40057,West South Central
40059,West South Central
40061,West South Central
40063,West South Central
40065,West South Central
40067,West South Central
40069,West South Central
40071,West South Central
40073,West South Central
40075,West South Central
40077,West South Central
40079,West South Central
40081,West South Central
40083,West South Central
40085,West South Central
40087,West South Central
40089,West South Central
40091,West South Central
40093,West South Central
40095,West South Central
40097,West South Central
40099,West South Central
40101,West South Central
40103,West South Central
40105,West South Central
40107,West South Central
40109,West South Central
40111,West South Central
40113,West South Central
40115,West South Central
40117,West South Central
40119,West South Central
40121,West South Central
40123,West South Central
40125,West South Central
40127,West South Central
40129,West South Central
40131,West South Central
40133,West South Central
40135,West South Central
40137,West South Central
40139,West South Central
40141,West South Central
40143,West South Central
40145,Pacific
40147,Pacific
40149,Pacific
40151,Pacific
40153,Pacific
41001,Pacific
41003,Pacific
41005,Pacific
41007,Pacific
41009,Pacific
41011,Pacific
41013,Pacific
41015,Pacific
41017,Pacific
41019,Pacific
41021,Pacific
41023,Pacific
41025,Pacific
41027,Pacific
41029,Pacific
41031,Pacific
41033,Pacific
41035,Pacific
41037,Pacific
41039,Pacific
41041,Pacific
41043,Pacific
41045,Pacific
41047,Pacific
41049,Pacific
41051,Pacific
41053,Pacific
41055,Pacific
41057,Pacific
41059,Pacific
41061,Pacific
41063,Middle Atlantic
41065,Middle Atlantic
41067,Middle Atlantic
41069,Middle Atlantic
41071,Middle Atlantic
42001,Middle Atlantic
42003,Middle Atlantic
42005,Middle Atlantic
42007,Middle Atlantic
42009,Middle Atlantic
42011,Middle Atlantic
42013,Middle Atlantic
42015,Middle Atlantic
42017,Middle Atlantic
42019,Middle Atlantic
42021,Middle Atlantic
42023,Middle Atlantic
42025,Middle Atlantic
42027,Middle Atlantic
42029,Middle Atlantic
42031,Middle Atlantic
42033,Middle Atlantic
42035,Middle Atlantic
42037,Middle Atlantic
42039,Middle Atlantic
42041,Middle Atlantic
42043,Middle Atlantic
42045,Middle Atlantic
42047,Middle Atlantic
42049,Middle Atlantic
42051,Middle Atlantic
42053,Middle Atlantic
42055,Middle Atlantic
42057,Middle Atlantic
42059,Middle Atlantic
42061,Middle Atlantic
42063,Middle Atlantic
42065,Middle Atlantic
42067,Middle Atlantic
42069,Middle Atlantic
42071,Middle Atlantic
42073,Middle Atlantic
42075,Middle Atlantic
42077,Middle Atlantic
42079,Middle Atlantic
42081,Middle Atlantic
42083,Middle Atlantic
42085,Middle Atlantic
42087,Middle Atlantic
42089,Middle Atlantic
42091,Middle Atlantic
42093,Middle Atlantic
42095,Middle Atlantic
42097,Middle Atlantic
42099,Middle Atlantic
42101,Middle Atlantic
42103,Middle Atlantic
42105,Middle Atlantic
42107,Middle Atlantic
42109,Middle Atlantic
42111,Middle Atlantic
42113,Middle Atlantic
42115,Middle Atlantic
42117,Middle Atlantic
42119,Middle Atlantic
42121,Middle Atlantic
42123,Middle Atlantic
42125,New England
42127,New England
42129,New England
42131,New England
42133,New England
44001,South Atlantic
44003,South Atlantic
44005,South Atlantic
44007,South Atlantic
44009,South Atlantic
45001,South Atlantic
45003,South Atlantic
45005,South Atlantic
45007,South Atlantic
45009,South Atlantic
45011,South Atlantic
45013,South Atlantic
45015,South Atlantic
45017,South Atlantic
45019,South Atlantic
45021,South Atlantic
45023,South Atlantic
45025,South Atlantic
45027,South Atlantic
45029,South Atlantic
45031,South Atlantic
45033,South Atlantic
45035,South Atlantic
45037,South Atlantic
45039,South Atlantic
45041,South Atlantic
45043,South Atlantic
45045,South Atlantic
45047,South Atlantic
45049,South Atlantic
45051,South Atlantic
45053,South Atlantic
45055,South Atlantic
45057,South Atlantic
45059,South Atlantic
45061,South Atlantic
45063,South Atlantic
45065,South Atlantic
45067,South Atlantic
45069,South Atlantic
45071,South Atlantic
45073,South Atlantic
45075,South Atlantic
45077,South Atlantic
45079,South Atlantic
45081,South Atlantic
45083,West North Central
45085,West North Central
45087,West North Central
45089,West North Central
45091,West North Central
46003,West North Central
46005,West North Central
46007,West North Central
46009,West North Central
46011,West North Central
46013,West North Central
46015,West North Central
46017,West North Central
46019,West North Central
46021,West North Central
46023,West North Central
46025,West North Central
46027,West North Central
46029,West North Central
46031,West North Central
46033,West North Central
46035,West North Central
46037,West North Central
46039,West North Central
46041,West North Central
46043,West North Central
46045,West North Central
46047,West North Central
46049,West North Central
46051,West North Central
46053,West North Central
46055,West North Central
46057,West North Central
46059,West North Central
46061,West North Central
46063,West North Central
46065,West North Central
46067,West North Central
46069,West North Central
46071,West North Central
46073,West North Central
46075,West North Central
46077,West North Central
46079,West North Central
46081,West North Central
46083,West North Central
46085,West North Central
46087,West North Central
46089,West North Central
46091,West North Central
46093,West North Central
46095,West North Central
46097,West North Central
46099,West North Central
46101,West North Central
46102,West North Central
46103,West North Central
46105,West North Central
46107,West North Central
46109,West North Central
46111,West North Central
46113,West North Central
46115,West North Central
46117,West North Central
46119,West North Central
46121,West North Central
46123,East South Central
46125,East South Central
46127,East South Central
46129,East South Central
46135,East South Central
46137,East South Central
47001,East South Central
47003,East South Central
47005,East South Central
47007,East South Central
47009,East South Central
47011,East South Central
47013,East South Central
47015,East South Central
47017,East South Central
47019,East South Central
47021,East South Central
47023,East South Central
47025,East South Central
47027,East South Central
47029,East South Central
47031,East South Central
47033,East South Central
47035,East South Central
47037,East South Central
47039,East South Central
47041,East South Central
47043,East South Central
47045,East South Central
47047,East South Central
47049,East South Central
47051,East South Central
47053,East South Central
47055,East South Central
47057,East South Central
47059,East South Central
47061,East South Central
47063,East South Central
47065,East South Central
47067,East South Central
47069,East South Central
47071,East South Central
47073,East South Central
47075,East South Central
47077,East South Central
47079,East South Central
47081,East South Central
47083,East South Central
47085,East South Central
47087,East South Central
47089,East South Central
47091,East South Central
47093,East South Central
47095,East South Central
47097,East South Central
47099,East South Central
47101,East South Central
47103,East South Central
47105,East South Central
47107,East South Central
47109,East South Central
47111,East South Central
47113,East South Central
47115,East South Central
47117,East South Central
47119,East South Central
47121,East South Central
47123,East South Central
47125,East South Central
47127,East South Central
47129,East South Central
47131,East South Central
47133,East South Central
47135,East South Central
47137,East South Central
47139,East South Central
47141,East South Central
47143,East South Central
47145,East South Central
47147,East South Central
47149,East South Central
47151,East South Central
47153,East South Central
47155,East South Central
47157,East South Central
47159,East South Central
47161,East South Central
47163,East South Central
47165,East South Central
47167,East South Central
47169,East South Central
47171,East South Central
47173,East South Central
47175,East South Central
47177,East South Central
47179,West South Central
47181,West South Central
47183,West South Central
47185,West South Central
47187,West South Central
47189,West South Central
48001,West South Central
48003,West South Central
48005,West South Central
48007,West South Central
48009,West South Central
48011,West South Central
48013,West South Central
48015,West South Central
48017,West South Central
48019,West South Central
48021,West South Central
48023,West South Central
48025,West South Central
48027,West South Central
48029,West South Central
48031,West South Central
48033,West South Central
48035,West South Central
48037,West South Central
48039,West South Central
48041,West South Central
48043,West South Central
48045,West South Central
48047,West South Central
48049,West South Central
48051,West South Central
48053,West South Central
48055,West South Central
48057,West South Central
48059,West South Central
48061,West South Central
48063,West South Central
48065,West South Central
48067,West South Central
48069,West South Central
48071,West South Central
48073,West South Central
48075,West South Central
48077,West South Central
48079,West South Central
48081,West South Central
48083,West South Central
48085,West South Central
48087,West South Central
48089,West South Central
48091,West South Central
48093,West South Central
48095,West South Central
48097,West South Central
48099,West South Central
48101,West South Central
48103,West South Central
48105,West South Central
48107,West South Central
48109,West South Central
48111,West South Central
48113,West South Central
48115,West South Central
48117,West South Central
48119,West South Central
48121,West South Central
48123,West South Central
48125,West South Central
48127,West South Central
48129,West South Central
48131,West South Central
48133,West South Central
48135,West South Central
48137,West South Central
48139,West South Central
48141,West South Central
48143,West South Central
48145,West South Central
48147,West South Central
48149,West South Central
48151,West South Central
48153,West South Central
48155,West South Central
48157,West South Central
48159,West South Central
48161,West South Central
48163,West South Central
48165,West South Central
48167,West South Central
48169,West South Central
48171,West South Central
48173,West South Central
48175,West South Central
48177,West South Central
48179,West South Central
48181,West South Central
48183,West South Central
48185,West South Central
48187,West South Central
48189,West South Central
48191,West South Central
48193,West South Central
48195,West South Central
48197,West South Central
48199,West South Central
48201,West South Central
48203,West South Central
48205,West South Central
48207,West South Central
48209,West South Central
48211,West South Central
48213,West South Central
48215,West South Central
48217,West South Central
48219,West South Central
48221,West South Central
48223,West South Central
48225,West South Central
48227,West South Central
48229,West South Central
48231,West South Central
48233,West South Central
48235,West South Central
48237,West South Central
48239,West South Central
48241,West South Central
48243,West South Central
48245,West South Central
48247,West South Central
48249,West South Central
48251,West South Central
48253,West South Central
48255,West South Central
48257,West South Central
48259,West South Central
48261,West South Central
48263,West South Central
48265,West South Central
48267,West South Central
48269,West South Central
48271,West South Central
48273,West South Central
48275,West South Central
48277,West South Central
48279,West South Central
48281,West South Central
48283,West South Central
48285,West South Central
48287,West South Central
48289,West South Central
48291,West South Central
48293,West South Central
48295,West South Central
48297,West South Central
48299,West South Central
48301,West South Central
48303,West South Central
48305,West South Central
48307,West South Central
48309,West South Central
48311,West South Central
48313,West South Central
48315,West South Central
48317,West South Central
48319,West South Central
48321,West South Central
48323,West South Central
48325,West South Central
48327,West South Central
48329,West South Central
48331,West South Central
48333,West South Central
48335,West South Central
48337,West South Central
48339,West South Central
48341,West South Central
48343,West South Central
48345,West South Central
48347,West South Central
48349,West South Central
48351,West South Central
48353,West South Central
48355,West South Central
48357,West South Central
48359,West South Central
48361,West South Central
48363,West South Central
48365,West South Central
48367,West South Central
48369,West South Central
48371,West South Central
48373,West South Central
48375,West South Central
48377,West South Central
48379,West South Central
48381,West South Central
48383,West South Central
48385,West South Central
48387,West South Central
48389,West South Central
48391,West South Central
48393,West South Central
48395,West South Central
48397,West South Central
48399,West South Central
48401,West South Central
48403,West South Central
48405,West South Central
48407,West South Central
48409,West South Central
48411,West South Central
48413,West South Central
48415,West South Central
48417,West South Central
48419,West South Central
48421,West South Central
48423,West South Central
48425,West South Central
48427,West South Central
48429,West South Central
48431,West South Central
48433,West South Central
48435,West South Central
48437,West South Central
48439,West South Central
48441,West South Central
48443,West South Central
48445,West South Central
48447,West South Central
48449,West South Central
48451,West South Central
48453,West South Central
48455,West South Central
48457,West South Central
48459,West South Central
48461,West South Central
48463,West South Central
48465,West South Central
48467,West South Central
48469,West South Central
48471,West South Central
48473,West South Central
48475,West South Central
48477,West South Central
48479,West South Central
48481,West South Central
48483,West South Central
48485,West South Central
48487,West South Central
48489,West South Central
48491,West South Central
48493,West South Central
48495,West South Central
48497,Mountain
48499,Mountain
48501,Mountain
48503,Mountain
48505,Mountain
48507,Mountain
49001,Mountain
49003,Mountain
49005,Mountain
49007,Mountain
49009,Mountain
49011,Mountain
49013,Mountain
49015,Mountain
49017,Mountain
49019,Mountain
49021,Mountain
49023,Mountain
49025,Mountain
49027,Mountain
49029,Mountain
49031,Mountain
49033,Mountain
49035,Mountain
49037,Mountain
49039,Mountain
49041,Mountain
49043,Mountain
49045,Mountain
49047,New England
49049,New England
49051,New England
49053,New England
49055,New England
49057,New England
50001,New England
50003,New England
50005,New England
50007,New England
50009,New England
50011,New England
50013,New England
50015,New England
50017,South Atlantic
50019,South Atlantic
50021,South Atlantic
50023,South Atlantic
50025,South Atlantic
50027,South Atlantic
51001,South Atlantic
51003,South Atlantic
51005,South Atlantic
51007,South Atlantic
51009,South Atlantic
51011,South Atlantic
51013,South Atlantic
51015,South Atlantic
51017,South Atlantic
51019,South Atlantic
51021,South Atlantic
51023,South Atlantic
51025,South Atlantic
51027,South Atlantic
51029,South Atlantic
51031,South Atlantic
51033,South Atlantic
51035,South Atlantic
51036,South Atlantic
51037,South Atlantic
51041,South Atlantic
51043,South Atlantic
51045,South Atlantic
51047,South Atlantic
51049,South Atlantic
51051,South Atlantic
51053,South Atlantic
51057,South Atlantic
51059,South Atlantic
51061,South Atlantic
51063,South Atlantic
51065,South Atlantic
51067,South Atlantic
51069,South Atlantic
51071,South Atlantic
51073,South Atlantic
51075,South Atlantic
51077,South Atlantic
51079,South Atlantic
51081,South Atlantic
51083,South Atlantic
51085,South Atlantic
51087,South Atlantic
51089,South Atlantic
51091,South Atlantic
51093,South Atlantic
51095,South Atlantic
51097,South Atlantic
51099,South Atlantic
51101,South Atlantic
51103,South Atlantic
51105,South Atlantic
51107,South Atlantic
51109,South Atlantic
51111,South Atlantic
51113,South Atlantic
51115,South Atlantic
51117,South Atlantic
51119,South Atlantic
51121,South Atlantic
51125,South Atlantic
51127,South Atlantic
51131,South Atlantic
51133,South Atlantic
51135,South Atlantic
51137,South Atlantic
51139,South Atlantic
51141,South Atlantic
51143,South Atlantic
51145,South Atlantic
51147,South Atlantic
51149,South Atlantic
51153,South Atlantic
51155,South Atlantic
51157,South Atlantic
51159,South Atlantic
51161,South Atlantic
51163,South Atlantic
51165,South Atlantic
51167,South Atlantic
51169,South Atlantic
51171,South Atlantic
51173,South Atlantic
51175,South Atlantic
51177,South Atlantic
51179,South Atlantic
51181,South Atlantic
51183,South Atlantic
51185,South Atlantic
51187,South Atlantic
51191,South Atlantic
51193,South Atlantic
51195,South Atlantic
51197,South Atlantic
51199,South Atlantic
51510,South Atlantic
51515,South Atlantic
51520,South Atlantic
51530,South Atlantic
51540,South Atlantic
51550,South Atlantic
51570,South Atlantic
51580,South Atlantic
51590,South Atlantic
51595,South Atlantic
51600,South Atlantic
51610,South Atlantic
51620,South Atlantic
51630,South Atlantic
51640,South Atlantic
51650,South Atlantic
51660,South Atlantic
51670,South Atlantic
51678,South Atlantic
51680,South Atlantic
51683,South Atlantic
51685,South Atlantic
51690,South Atlantic
51700,South Atlantic
51710,South Atlantic
51720,South Atlantic
51730,South Atlantic
51735,South Atlantic
51740,South Atlantic
51750,South Atlantic
51760,South Atlantic
51770,South Atlantic
51775,South Atlantic
51790,Pacific
51800,Pacific
51810,Pacific
51820,Pacific
51830,Pacific
51840,Pacific
53001,Pacific
53003,Pacific
53005,Pacific
53007,Pacific
53009,Pacific
53011,Pacific
53013,Pacific
53015,Pacific
53017,Pacific
53019,Pacific
53021,Pacific
53023,Pacific
53025,Pacific
53027,Pacific
53029,Pacific
53031,Pacific
53033,Pacific
53035,Pacific
53037,Pacific
53039,Pacific
53041,Pacific
53043,Pacific
53045,Pacific
53047,Pacific
53049,Pacific
53051,Pacific
53053,Pacific
53055,Pacific
53057,Pacific
53059,Pacific
53061,Pacific
53063,Pacific
53065,Pacific
53067,South Atlantic
53069,South Atlantic
53071,South Atlantic
53073,South Atlantic
53075,South Atlantic
53077,South Atlantic
54001,South Atlantic
54003,South Atlantic
54005,South Atlantic
54007,South Atlantic
54009,South Atlantic
54011,South Atlantic
54013,South Atlantic
54015,South Atlantic
54017,South Atlantic
54019,South Atlantic
54021,South Atlantic
54023,South Atlantic
54025,South Atlantic
54027,South Atlantic
54029,South Atlantic
54031,South Atlantic
54033,South Atlantic
54035,South Atlantic
54037,South Atlantic
54039,South Atlantic
54041,South Atlantic
54043,South Atlantic
54045,South Atlantic
54047,South Atlantic
54049,South Atlantic
54051,South Atlantic
54053,South Atlantic
54055,South Atlantic
54057,South Atlantic
54059,South Atlantic
54061,South Atlantic
54063,South Atlantic
54065,South Atlantic
54067,South Atlantic
54069,South Atlantic
54071,South Atlantic
54073,South Atlantic
54075,South Atlantic
54077,South Atlantic
54079,South Atlantic
54081,South Atlantic
54083,South Atlantic
54085,South Atlantic
54087,South Atlantic
54089,South Atlantic
54091,South Atlantic
54093,South Atlantic
54095,South Atlantic
54097,South Atlantic
54099,East North Central
54101,East North Central
54103,East North Central
54105,East North Central
54107,East North Central
54109,East North Central
55001,East North Central
55003,East North Central
55005,East North Central
55007,East North Central
55009,East North Central
55011,East North Central
55013,East North Central
55015,East North Central
55017,East North Central
55019,East North Central
55021,East North Central
55023,East North Central
55025,East North Central
55027,East North Central
55029,East North Central
55031,East North Central
55033,East North Central
55035,East North Central
55037,East North Central
55039,East North Central
55041,East North Central
55043,East North Central
55045,East North Central
55047,East North Central
55049,East North Central
55051,East North Central
55053,East North Central
55055,East North Central
55057,East North Central
55059,East North Central
55061,East North Central
55063,East North Central
55065,East North Central
55067,East North Central
55069,East North Central
55071,East North Central
55073,East North Central
55075,East North Central
55077,East North Central
55078,East North Central
55079,East North Central
55081,East North Central
55083,East North Central
55085,East North Central
55087,East North Central
55089,East North Central
55091,East North Central
55093,East North Central
55095,East North Central
55097,East North Central
55099,East North Central
55101,East North Central
55103,East North Central
55105,East North Central
55107,East North Central
55109,East North Central
55111,East North Central
55113,East North Central
55115,East North Central
55117,East North Central
55119,East North Central
55121,East North Central
55123,East North Central
55125,East North Central
55127,East North Central
55129,East North Central
55131,Mountain
55133,Mountain
55135,Mountain
55137,Mountain
55139,Mountain
55141,Mountain
56001,Mountain
56003,Mountain
56005,Mountain
56007,Mountain
56009,Mountain
56011,Mountain
56013,Mountain
56015,Mountain
56017,Mountain
56019,Mountain
56021,Mountain
56023,Mountain
56025,Mountain
56027,Mountain
56029,Mountain
56031,Mountain
56033,Mountain
56035,Mountain
56037,Mountain
56039,Mountain
56041,Mountain
56043,Mountain
56045,Mountain
