AEO,eGRID
Texas Regional Entity,ERCT
Florida Reliability Coordinating Council,FRCC
Midwest Reliability Council / East,MROE
Midwest Reliability Council / West,MROW
Northeast Power Coordinating Council / New England,NEWE
Northeast Power Coordinating Council / NYC-Westchester,NYCW
Northeast Power Coordinating Council / Long Island,NYLI
Northeast Power Coordinating Council / Upstate New York,NYUP
Reliability First Corporation / East,RFCE
Reliability First Corporation / Michigan,RFCM
Reliability First Corporation / West,RFCW
SERC Reliability Corporation / Delta,SRMV
SERC Reliability Corporation / Gateway,SRMW
SERC Reliability Corporation / Southeastern,SRSO
SERC Reliability Corporation / Central,SRTV
SERC Reliability Corporation / Virginia-Carolina,SRVC
Southwest Power Pool / North,SPNO
Southwest Power Pool / South,SPSO
Western Electricity Coordinating Council / Southwest,AZNM
Western Electricity Coordinating Council / California,CAMX
Western Electricity Coordinating Council / Northwest Power Pool Area,NWPP
Western Electricity Coordinating Council / Rockies,RMPA
