FACILITY_NAME_x,FACILITY_ID,EIA_name,EIA_PLANT_ID
Louisiana 1,1001209,Louisiana 1,1391
Mosaic Uncle Sam Facility,1009794,Mosaic Phosphates Uncle Sam,10198
Louisiana Sugar Refining  LLC,1010825,Louisiana Sugar Refining,10301
Methanex USA  LLC - Geismar Methanol Plant,1011799,Geismar,10319
INGEVITY SOUTH CAROLINA  LLC - DeRidder Plant,1002248,DeRidder Mill,10488
Baton Rouge Gas Plant,1002670,ExxonMobil Baton Rouge Turbine Generator,10690
St. Francisville,1002590,St Francisville Mill,10697
St Charles Operations (Taft/Star) Union Carbide Corp,1007031,Dow St Charles Operations,50152
Port Allen Complex,1005031,Port Allen (LA),50389
PPG Industries Inc,1010877,PPG Powerhouse A,50487
PPG Industries Inc,1005717,PPG Powerhouse C,50489
CHALMETTE REFINING LLC - CHALMETTE REFINERY,1007625,Chalmette Refining LLC,50626
Hood Container of Louisiana  LLC,1002846,Stone Container Hodge,50810
NORANDA ALUMINA LLC,1007929,Noranda Alumina LLC,50846
Louisiana Sugar Refining  LLC,1010825,Enterprise Sugar Factory,51008
The Dow Chemical Company -- Louisiana Operations,1005110,LaO Energy Systems,52006
PHILLIPS 66 CO - ALLIANCE REFINERY,1001824,Alliance Refinery,52031
CITGO PETROLEUM CORP - LAKE CHARLES MANUFACTURING COMPLEX,1002389,CITGO Refinery Powerhouse,52175
International Paper - Mansfield Mill,1005738,Mansfield Mill,54091
INTERNATIONAL PAPER - BOGALUSA MILL,1005653,Gaylord Container Bogalusa,54427
AMERICAN SUGAR REFINING INC - Chalmette Refinery,1006565,Domino Sugar Arabi Plant,54512
Targa Midstream Services LLC - Stingray Gas Plant,1004841,Stingray Facility,54531
RAIN CII CARBON LLC/CHALMETTE COKE PLANT,1005132,CII Carbon LLC,54677
Toca Gas Processing Plant,1004727,Toca Plant,54705
OCCIDENTAL CHEMICAL CORPORATION - Taft Facility,1001709,Taft Cogeneration Facility,55089
Eagle US 2 LLC,1008459,RS Cogen,55117
Eagle US 2 LLC,1008459,PPG Powerhouse A,50487
Eagle US 2 LLC,1008459,PPG Powerhouse C,50489
Eagle US 2 LLC,1008459,PPG Plant C Caustic,50490
ARCHER DANIEL MIDLAND COMPANY,1002916,Archer Daniels Midland Columbus,57046
NEWARK AMERICA,1005970,Newark America Mill,57103
MILLERCOORS LLC,1002057,Albany Brewery,57936
MICHIGAN SUGAR CO - CROSWELL FACTORY,1004477,MSC Croswell,57950
MILLER BREWING COMPANY,1006086,MillerCoors Irwindale Brewery,58056
PASADENA REFINING SYSTEM,1005903,PRSI FCC Generator,58069
MARTIN OPERATING PTNR LP,1007661,"Cross Oil Refining & Marketing, Inc",58077
Dunn Paper - East Hartford. LLC,1007426,Cellu Tissue,58116
AMERICAN CRYSTAL SUGAR - HILLSBORO,1005753,American Crystal Sugar Hillsboro,54210
AMERICAN CRYSTAL SUGAR - MOORHEAD,1006877,American Crystal Sugar Moorhead,54211
AMERICAN CRYSTAL SUGAR - CROOKSTON,1006354,American Crystal Sugar Crookston,54212
AMERICAN CRYSTAL SUGAR - E GRAND FORKS,1005751,American Crystal Sugar East Grand Forks,54214
Plaquemine Cogen Facility,1006565,Plaquemine Cogeneration Plant,55419
Chevron Oronite Oak Point,1007694,Oak Point Cogen,55857
Neptune Gas Plant,1005069,Neptune Gas Processing Plant,56139
GILLETTE CO,1002497,Gillette SBMC,54225
ROLLS-ROYCE CORPORATION PLANT 5 & 8,1002607,Rolls Royce,54286
SHERWIN ALUMINA PLANT,1006900,Sherwin Alumina,54291
SHELL CHEMICAL CO - GEISMAR PLANT,1001936,Shell Chemical,56248
Methanex USA  LLC - Geismar Methanol Plant,1011799,Geismar Cogen,56787
Equistar Chemicals LP,1007031,Lake Charles Polymers,57884
ADA Carbon Solutions (Red River)  LLC,1003752,ADA Carbon Solutions Red River,57938
International Paper - Red River Mill,1001733,International Paper Red River Mill,58108
St Charles Operations (Taft/Star) Union Carbide Corp,1007031,Lake Charles Plant,58310
WESTROCK CP  LLC - HODGE MILL,1005012,Westrock Hodge (LA),50810
Almatis Burnside Inc,1006161,Burnside Alumina Plant,58200
GRAPHIC PACKAGING INTERNATIONAL INC - WEST MONROE MILL #31,1000602,Plant 31 Paper Mill,50028
Almatis Burnside Inc,1006161,Burnside Alumina Div,58200
Mosaic Uncle Sam Facility,1009794,IMC Phosphates Company Uncle Sam,10198
Port Allen Complex,1005031,Port Allen,50389
SAVANNAH FOODS & INDUSTRIES INC - COLONIAL SUGAR REFINERY,1007664,Colonial Sugar Refinery,10301
GEORGIA-PACIFIC PORT HUDSON OPERATIONS,1006975,Georgia Pacific Port Hudson,10612
AIR PRODUCTS & CHEMICALS INC - INDUSTRIAL GAS PRODUCTION FACILITY,1003009,New Orleans,10639
PCS NITROGEN FERTILIZER LP - GEISMAR AGRICULTURAL NITROGEN & PHOSPHATE PLANT,1003489,PCS Nitrogen Fertilizer LP,50341
GEORGIA GULF CHEMICALS & VINYLS LLC,1002350,Georgia Gulf Plaquemine,55051
Phillips 66 BAYWAY REFINERY,1004305,Bayway Refinery,56294
Mosaic South Pierce Facility,1009710,Mosaic South Pierce Operations,10004
CUTRALE CITRUS JUICES USA  INC.,1006667,Cutrale Citrus Juices USA I,10020
CUTRALE CITRUS JUICES USA  INC.,1005361,Cutrale Citrus Juices USA II,10188
WestRock CP  LLC - Fernandina Beach Mill (Formerly Smurfit-Stone),1002272,Fernandina Beach Mill,10202
Mosaic Riverview Facility,1009711,Mosaic Co Tampa Facility,10204
Ascend Performance Materials LLC,1004962,Pensacola Florida Plant,10416
Mosaic New Wales Facility,1009709,Mosaic New Wales Operations,10434
RAYONIER PERFORMANCE FIBERS LLC Fernandina Mill,1001906,Rayonier Fernandina Mill,10562
Continental Palatka  LLC.,1002012,Georgia-Pacific Palatka Operations,10611
International Paper - Pensacola Mill,1000196,International Paper Pensacola,50250
Mosaic Fertilizer LLC  Plant City Facility,1004669,"The Mosaic Company, Plant City Facility",50371
"Foley Cellulose, LLC",1000345,Buckeye Florida LP,50466
PCS PHOSPHATE WHITE SPRINGS,1006467,Suwannee River Chemical Complex,50473
Mosaic Bartow Facility,1009708,Mosaic Co Bartow Facility,50633
WestRock CP  LLC - Seminole Mill (Formerly Smurfit-Stone),1007846,Seminole Mill,50803
WestRock CP  LLC - Panama City Mill (Formerly RockTenn),1006958,Stone Container Panama City Mill,50807
RAYONIER PERFORMANCE FIBERS LLC Fernandina Mill,1001906,Fernandina Plant,10562
WestRock CP  LLC - Panama City Mill (Formerly RockTenn),1006958,WestRock Panama City Mill,50807
Mosaic Bartow Facility,1009708,Mosaic Co Martlow Facility,50633
Mosaic South Pierce Facility,1009710,Mosiac South Pierce Operations,10004
WestRock CP  LLC - Fernandina Beach Mill (Formerly Smurfit-Stone),1002272,Jefferson Smurfit Fernandina Beach,10202
Continental Palatka  LLC.,1002012,Georgia Pacific Palatka Operations,10611
WestRock CP  LLC - Seminole Mill (Formerly Smurfit-Stone),1007846,Stone Container Seminole Mill,50803
Santa Rosa Energy Center,1006707,Santa Rosa Energy Center,55242
WestRock CP  LLC - West Point Mill,1005579,West Point Mill,10017
PHILIP MORRIS USA PARK 500 SITE,1006268,Park 500 Philip Morris USA,50275
GP Big Island  LLC,1000273,Georgia-Pacific Big Island,50479
WestRock CP  LLC--Hopewell Mill (Formerly RockTenn),1008708,Hopewell Mill,50813
Celanese Acetate LLC - Manufacturing Processes,1003300,Celanese Acetate LLC,52089
International Paper-Franklin Mill,1000258,International Paper Franklin Mill,52152
WestRock CP  LLC - West Point Mill,1005579,WestRock-West Point Mill,10017
WestRock Virginia  Covington,1000256,Covington Facility,50900
HP HOOD LLC,1007515,HP Hood CT,59860
INVISTA S.Ã  r.l. WAYNESBORO FACILITY,1002342,Waynesboro Virginia Plant,10796
GP Big Island  LLC,1000273,Georgia Pacific Big Island,50479
WestRock CP  LLC--Hopewell Mill (Formerly RockTenn),1008708,Stone Container Hopewell Mill,50813
Celanese Acetate LLC - Manufacturing Processes,1003300,DEGS of Narrows LLC,52089
RED-Rochester  LLC-Eastman Business Park  NY,1011211,"RED-Rochester, LLC",10025
FINCH PAPER LLC,1006608,Finch Paper,10511
Tronox Granger,1004452,Tronox,57915
Tronox WESTVACO,1006324,FMC Westvaco,57915
MICHIGAN SUGAR COMPANY - SEBEWAING FACTORY,1006343,MSC Sebewaing,57949
U S GYPSUM - OAKFIELD PLANT,1002309,US Gypsum Oakfield,50203
International Paper Ticonderoga Mill,1006885,Ticonderoga Mill,54099
Eastman Kodak - Kodak Park,1001199,Kodak Park Site,10025
General Electric Aviation,1001200,General Electric Aircraft Engines,10029
SOLUTIA INC - INDIAN ORCHARD PLANT,1002299,Indian Orchard Plant 1,10417
Rousselot Peabody  Inc.,1001068,Rousselot Inc,50955
SAPPI FINE PAPER (S.D. WARREN ) MILL,1003048,Somerset Plant,50406
PCS PHOSPHATE COMPANY INCORPORATED,1006242,PCS Phosphate,50509
PORT TOWNSEND PAPER CORP,1005732,Port Townsend Paper,50544
WOODALL GAS PLANT,1010381,Woodall Gas Plant,57952
ROQUETTE AMERICA INC,1001293,Roquette America,57953
Frito-Lay COGEN PLANT,1002394,Frito-Lay Cogen Plant,10110
FRITO-LAY,1004983,Frito Lay Incorporated,58664
KIMBERLY-CLARK TISSUE MILL,1006065,"Kimberly Clark-Unit 1,2,3",58084
KIMBERLY-CLARK TISSUE MILL,1006065,Fullerton Mill CHP,58083
WESTERN SUGAR COOP,1001823,Western Sugar Coop- Ft Morgan,58081
HOLLYFRONTIER EL DORADO REFINING LLC,1004291,El Dorado Refinery,58075
New-Indy Ontario  LLC,1005938,New-Indy Ontario Mill,10427
Tesoro Refining & Marketing Company LLC - LAR,1002338,Tesoro Wilmington Calciner,10601
Searles Valley Minerals,1005308,Argus Cogen Plant,10684
SIERRA POWER CORPORATION,1006792,Sierra Power,50068
U.S. BORAX INC.,1003490,US Borax,50115
SAN FRANCISCO REFINERY AT RODEO,1006395,Phillips 66 Rodeo Refinery,50119
B BRAUN MEDICAL  INC,1005872,B Braun Medical,50200
Tesoro CARSON REFINERY,1006627,Watson Cogeneration,50216
Santa Ynez Unit (SYU),1002384,ExxonMobil Santa Ynez Facility,50270
PROCTER & GAMBLE PAPER PRODUCTS,1002152,Oxnard,50464
Tesoro Refining & Marketing Company LLC - LAR,1002338,Equilon Los Angeles Refining,50530
Tesoro CARSON REFINERY,1006627,BP Carson Refinery,50540
Berry Petroleum - North Midway,1004979,Berry Cogen Tanne Hills 18,50622
TORRANCE REFINING COMPANY LLC,1007329,ExxonMobil Oil Torrance Refinery,50624
Aera Energy Coalinga,1006405,Coalinga Cogeneration Facility,50750
Kern River,1004186,Southeast Kern River Cogen,50751
South Belridge Production Facility,1002985,South Belridge Cogeneration Facility,50752
ECO SERVICES DOMINGUEZ,1007539,Dominguez Plant,52064
Aera Energy Lost Hills,1005790,Lost Hills Cogeneration Plant,52077
Cymric,1007955,Cymric 31X Cogen,52081
Cymric,1007955,Cymric 6Z Cogen,52082
Coalinga Cogeneration Facility,1007204,Coalinga 25D Cogen,52086
Berry Petroleum - Placerita,1007398,Berry Placerita Cogen,52096
Linn Energy - Homebase,1007238,Berry Cogen,50170
Cosmopolis Pulp Mill,1008999,Cosmo Specialty Fibers Plant,50185
Cymric,1007955,Cymric 36W Cogen,52104
Kern River,1004186,Kern River Eastridge Cogen,52107
CHEVRON PRODS.CO. RICHMOND REFY,1003610,Richmond Cogen,52109
Ingredion Incorporated,1010590,Ingredion Stockton,52115
KELCO,1004753,C P Kelco San Diego Plant,52147
MIDWAY-SUNSET COGENERATION CO.,1005355,Midway Sunset Cogen,52169
All American Oil and Gas Company,1010707,Western Power & Steam Inc,54410
Phillips 66 Los Angeles Refinery - Wilmington Plant,1006843,Los Angeles Refinery Wilmington,54451
SHELL OIL PRODUCTS US - MARTINEZ REFINERY,1001804,Martinez Refining,54912
Aera Energy San Ardo,1006846,Aera San Ardo Cogen Facility,55184
AIR PRODUCTS WILMINGTON HYDROGEN PLANT,1002435,Wilmington Hydrogen Plant,55557
VALERO REFINING CO - CALI FORNIA BENICIA REFINERY,1008504,Valero Refinery Cogeneration Unit 1,55851
California Resources Elk Hills  LLC - Gas Processing and Power Generation,1005164,Elk Hills Cogen,55950
Linn Energy - Stearns Gas Plant,1003056,Blacksand Generating Facility,56090
PHILLIPS 66 SANTA MARIA REFINERY,1006099,Santa Maria EPG,56284
New-Indy Oxnard LLC,1006048,Oxnard Paper Mill,57585
Signal Hill Petroleum West Unit,1004651,Signal Hill West Unit,57702
HOLLY SUGAR CORP DBA SPRECKELS COMPANY,1005864,Spreckels Sugar Company,57916
PPG Industries  Inc.,1004549,"PPG Industries, Inc. Works 15",58053
PARAMOUNT PETROLEUM CORPORATION,1004362,Paramount Refinery,58058
KERN OIL & REFINING CO.,1004267,Kern Oil & Refining Co,58100
J R SIMPLOT COMPANY,1003636,J.R. Simplot Company,58216
ANHEUSER BUSCH LLC,1002734,Anheuser-Busch #2,59331
"CHEVRON PRODUCTS, EL SEGUNDO REFINERY",1007978,El Segundo Cogen,10213
CHEVRON PRODS.CO. RICHMOND REFY,1003610,Richmond Refinery TG800,52105
Tesoro Refining & Marketing Company LLC - LAR,1002338,BP Wilmington Calciner,10601
Searles Valley Minerals,1005308,Westend Facility,10685
New-Indy Ontario  LLC,1005938,Inland Ontario Mill,10427
SAN FRANCISCO REFINERY AT RODEO,1006395,ConocoPhillips Rodeo Refinery,50119
DOW CHEMICAL COMPANY,1007805,Pittsburg Power Plant,54001
Aera Energy Belridge,1006845,Aera South Belridge Cogen Facility,55185
ESCANABA PAPER COMPANY,1003320,Escanaba Mill,10208
Graphic Packaging International  Inc.,1000409,Graphic Packaging,10698
VERSO PAPER QUINNESEC MILL,1001892,Verso Paper Quinnesec Mich Mill,50251
Menominee Acquisition Corporation  d/b/a Dunn Paper - Menominee,1006129,Menominee Mill Marinette,50409
NEENAH PAPER MICHIGAN INC,1005838,Neenah Paper Munising Mill,54867
Cargill Salt,1009702,Cargill Salt,54965
"Otsego Paper, Inc.",1000248,Otsego Mill Power Plant,55799
"WESTROCK CALIFORNIA, INC",1007871,Battle Creek Mill,58052
PACKAGING CORPORATION OF AMERICA,1006367,"PCA, Filer City Mill",58066
Cargill Salt,1009702,Cargill Salt Hersey,58196
E B EDDY PAPER INC,1004895,E.B. Eddy Paper Inc,58222
ANDERSONS ALBION ETHANOL LLC,1007933,The Andersons Albion Ethanol LLC,58330
Menominee Acquisition Corporation  d/b/a Dunn Paper - Menominee,1006129,Menominee Acquisition,52017
ESCANABA PAPER COMPANY,1003320,Escanaba Paper Company,10208
"MORTON SALT, INC.",1002203,Morton Salt Rittman,54335
Archer Daniels Midland Co.,1005661,Archer Daniels Midland Decatur,10865
Archer Daniels Midland Co. - Peoria,1000466,Archer Daniels Midland Peoria,10866
Tate & Lyle,1000334,Tate & Lyle Decatur Plant Cogen,10867
EXXONMOBIL OIL JOLIET REFINERY,1006068,ExxonMobil Oil Joliet Refinery,50627
BP NAPERVILLE COMPLEX,1006259,BP Naperville Cogeneration Facility,50722
Ingredion Incorporated Argo Plant,1000261,Ingredion Incorporated,54556
CSL BEHRING LLC,1005577,CSL Behring LLC,54790
Mondelez Global LLC,1002194,Mondelez Global LLC,54933
US STEEL - GRANITE CITY,1006041,Granite City Works,57072
ADKINS ENERGY LLC,1003422,Adkins Energy LLC,58136
Ingredion Incorporated Argo Plant,1000261,Ingredion Illinois,54556
BUNGE MILLING INC,1005954,Bunge Milling Cogen,51000
BUNGE OIL,1005076,Bunge Oil,52034
US ARMY RADFORD ARMY AMMUNITION PLANT,1001818,Radford Army Ammunition Plant,52072
International Paper-Riverdale Mill,1006788,International Paper Riverdale Mill,54096
Ingredion Incorporated Argo Plant,1000261,Corn Products Illinois,54556
MERCK SHARP & DOHME CORP - Stonewall Plant,1003595,Elkton,52148
TEAM TEN LLC DBA AMER EAGLE PAPER MILLS,1000523,American Eagle Paper Mills,50284
P.H. Glatfelter Company,1004199,P H Glatfelter,50397
KIMBERLY CLARK PA LLC/CHESTER OPR,1000869,Chester Operations,50410
Procter & Gamble Paper Products,1001244,Procter & Gamble Mehoopany Mill,50463
US Steel (Clairton Coke),1000124,Clairton Works,50729
US STEEL - IRVIN WORKS,1000802,Mon Valley Works,50732
Erie Coke Corporation,1007620,Erie Coke,50920
Philadelphia Refinery,1001261,Philadelphia Refinery,52106
Merck & Company - West Point,1001262,West Point (PA),52149
NEWMAN & CO,1005979,Newman (PA),54250
"Domtar Paper Company, LLC",1005706,Johnsonburg Mill,54638
PPG Industries  Inc. Carlisle Plant,1002217,"PPG Industries, Inc. Works 6",58051
Merck & Company - West Point,1001262,West Point,52149
Yellowhammer Gas Plant,1002385,Shell Offshore Yellowhammer,54730
Horsehead Corp. Monaca Smelter,1004424,G F Weaton Power Station,50130
Mars Chocolate  Hackettstown,1005417,MARS Chocolate North American LLC,10061
MERCK SHARP & DOHME CORP. - RAHWAY,1003261,Merck Rahway Power Plant,10224
BRISTOL MYERS SQUIBB INC,1006828,Bristol Myers Squibb New Brunswick,54829
Sunoco  Inc. (R&S) Eagle Point Facility,1001321,Sunoco Eagle Point Refinery,55113
Borger Carbon Black Plant,1003533,Engineered Carbons Borger Cogen,10072
INEOS CHOCOLATE BAYOU PLANT,1004368,Chocolate Bayou Works,10154
SEADRIFT COKE L.P.,1006359,Seadrift Coke LP,10167
Orange Carbon Black Plant,1003781,Engineered Carbons Echo Cogeneration,10187
TICONA POLYMERS INCORPORATED,1007868,Ticona Polymers Inc,10243
Mont Belvieu Complex,1006386,Enterprise Products Operating,10261
Bayou Cogeneration Plant,1000346,Bayou Cogen Plant,10298
ASCEND PERFORMANCE MATERIALS CHOCOLATE BAYOU FACILITY,1002190,Ascend Performance Materials Texas Inc.,10418
International Paper - Orange Mill,1005909,International Paper - Orange,10425
EXXONMOBIL Bt Site,1007542,ExxonMobil Baytown Refinery,10436
EXXONMOBIL Bt Site,1007542,ExxonMobil Baytown Turbine,10692
FORMOSA POINT COMFORT PLANT,1006691,Formosa Utility Venture Ltd,10554
FORMOSA PLASTICS CORPORATION LOUISIANA,1006010,Formosa Plastics,54518
SOUTHERN MINNESOTA BEET SUGAR COOPERATIVE,1007098,Southern Minnesota Beet Sugar,54533
ABC COKE,1004511,ABC Coke,56076
Thums Long Beach Company,1005066,THUMS,56051
Total Petrochemicals & Refining USA  Inc. - Port Arthur Refinery,1005743,Port Arthur Texas Refinery,10568
BIG SPRING REFINERY,1006961,Big Spring Texas Refinery,10569
INVISTA S.a r.l.,1001781,Victoria Texas Plant,10790
FLINT HILLS RESOURCES CORPUS CHRISTI WEST PLANT,1009066,Corpus Refinery,50026
OXY VINYLS LP - LA PORTE VCM PLANT,1001713,Houston Chemical Complex Battleground,50043
Borger Carbon Black Plant,1003533,Borger Plant,50067
VALERO CORPUS CHRISTI REFINERY,1008110,Valero Refinery Corpus Christi West,50121
UCC SEADRIFT OPERATIONS,1002967,Union Carbide Seadrift Cogen,50150
UNION CARBIDE TEXAS CITY,1002460,Texas City Plant Union Carbide,50153
TPC GROUP LLC,1005198,Texas Petrochemicals,50229
SHELL DEER PARK REFINERY,1007002,Shell Deer Park,50304
GREEN LAKE PLANT,1003899,BP Chemicals Green Lake Plant,50404
EQUISTAR CORPUS CHRISTI PLANT,1004880,Corpus Christi,50475
Exxonmobil Beaumont Refinery,1007959,ExxonMobil Beaumont Refinery,50625
MOTIVA ENTERPRISES LLC,1007458,Motiva Enterprises Port Arthur Refinery,50973
ALCOA WORLD ALUMINA ATLANTIC,1003201,Point Comfort Operations,52069
PREMCOR REFINING GROUP INCORPORATED PORTARTHUR REFINERY,1002657,Valero Energy Port Arthur Refinery,52108
"Olin Blue Cube, Freeport, TX",1011834,Dow Chemical Texas Operation,52120
WASSON CO2 REMOVAL PLANT,1002629,Wasson CO2 Removal Plant,52122
International Paper - Texarkana Mill,1006668,International Paper Texarkana Mill,54097
GOODYEAR BEAUMONT CHEMICAL PLANT,1002965,Goodyear Beaumont Chemical Plant,54321
WESTHOLLOW TECHNOLOGY CENTER,1004492,Westhollow Technology Center,54330
PPG Industries  Inc.,1006397,PPG Industries Works 4,54364
TARGA BENEDUM GAS PROCESSING PLANT,1006392,Benedum Plant,54458
PHELPS DODGE REFINING CORPORATION,1002197,Phelps Dodge Refining,54628
HUNTSMAN PETROCHEMICAL LLC PORT NECHES PERFORMANCE PRODUCTS,1007909,JCO Oxides Olefins Plant,54637
AIR LIQUIDE - PORT NECHES ASU COGENERATION PLANT,1003780,Port Neches Plant,54748
YATES GAS PLANT,1002495,Yates Gas Plant,55025
Jameson Gas Plant,1002334,Jameson Gas Processing Plant,55052
BRIDGEPORT GAS PROCESSING PLANT,1006373,Bridgeport Gas Processing Plant,55053
BASF TOTAL PETROCHEMICALS LLC,1006543,NAFTA Region Olefins Complex Cogen Fac,55122
Air Products Port Arthur Facility,1006402,Air Products Port Arthur,55309
BASF FREEPORT SITE,1001934,BASF Freeport Works,55311
OCCIDENTAL CHEMICAL CORPORATION INGLESIDE PLANT,1001705,Ingleside Cogeneration,55313
DOW TEXAS OPERATIONS FREEPORT,1002040,Freeport Energy Center,56152
FORMOSA POINT COMFORT PLANT,1006691,CFB Power Plant,56708
Targa Midstream Services  LLC - Mont Belvieu Complex,1004614,Mont Belvieu Cogeneration Unit,57322
"WESTROCK TEXAS, L.P.",1002305,WestRock (TX),50101
Olin Blue Cube  Freeport  TX,1011834,Freeport Energy,52120
Air Products LLC - Pasadena Plant,1003007,Pasadena,10638
CABOT NORIT AMERICAS INC,1005127,Norit Americas Marshall Plant,54972
VALERO CORPUS CHRISTI REFINERY EAST PLANT,1006959,Valero Refinery Corpus Christi East,10203
Huntsman Petrochemical LLC (Chocolate Bayou Plant),1010589,Chocolate Bayou Plant,10418
Sandow Station,1000499,Sandow Station,52071
REFINERY KAPOLEI,1006932,Tesoro Hawaii,10093
GENERAL MILLS - LODI PLANT,1004579,General Mills Operations Lodi,10031
CHEVRON PRODUCTS COMPANY HAWAII REFINERY,1004891,Hawaii Cogen,10194
GEORGIA-PACIFIC CONSUMER PRODUCTS LP - SAVANNAH RIVER MILL,1007453,Savannah River Mill,10361
HOFFMANN LA ROCHE INC,1001714,Hoffmann LaRoche,10123
JOHN DEERE HARVESTER WORKS,1001732,John Deere Harvester Works,10039
"RAYONIER PERFORMANCE FIBERS LLC, JESUP MILL",1001807,Rayonier Advanced Materials - Jesup Plant,10560
Brunswick Cellulose  Inc.,1002733,Brunswick Cellulose,10605
INTERNATIONAL PAPER SAVANNA MILL,1006803,International Paper Savanna Mill,50398
SAVANNAH SUGAR REFINERY,1001882,Imperial Savannah LP,50146
Weyerhaeuser NR Company - Flint River,1006209,Flint River Operations,50465
WEYERHAEUSER PORT WENTWORTH,1004901,Port Wentworth Mill,50804
INTERSTATE PAPER LLC,1004886,Interstate Paper LLC Riceboro,54281
International Paper - Augusta Mill,1006731,International Paper Augusta Mill,54358
GRAPHIC PACKAGING INTERNATIONAL,1003470,Riverwood International Macon Mill,54464
THIELE KAOLIN SANDERSVILLE,1002045,Thiele Kaolin Sandersville,54841
KAMIN LLC - Wrens,1003420,Kamin LLC Wrens Plant,54880
"SP Fiber Technologies Southeast, LLC",1000240,"WestRock Southeast, LLC.",54004
PACKAGING CORP. OF AMERICA,1003280,PCA-Valdosta Mill,60084
"RAYONIER PERFORMANCE FIBERS LLC, JESUP MILL",1001807,Rayonier Jesup Mill,10560
"SP Fiber Technologies Southeast, LLC",1000240,Dublin Mill,54004
KAMIN LLC - Wrens,1003420,Kamin LLC Wrens Mine,55961
Renessenz LLC,1004393,PInova Inc,10120
"DECORATIVE PANELS INTERNATIONAL, INC.",1005337,Decorative Panels Intl,10149
GEORGIA-PACIFIC CEDAR SPRINGS LLC,1002823,Georgia Pacific Cedar Springs,54101
MADISON PAPER INDUSTRIES,1007623,Anson Abenaki Hydros,10186
DOMTAR AW LLC ASHDOWN MILL,1005994,Ashdown,54104
ARCELORMITTAL WARREN (0278000648),1003380,ArcelorMittal Warren,54207
SC JOHNSON & SON INC WAXDALE FACILITY,1003248,Waxdale,59448
Catalyst Paper Operations Inc. Rumford Division,1006366,Mead Rumford Cogen,10491
"CITRUS WORLD, INC.",1002184,Florida's Natural Growers,10275
WOODLAND PULP LLC,1001889,Domtar - Woodland Mill,10613
GEORGIA PACIFIC CONSUMER PRODUCTS LP/MUSKOGEE MILL,1001913,Muskogee Mill,10362
Expera Old Town LLC,1007069,Red Shield Envir Old Town Facility,10700
International Paper ROME LINERBOARD MILL,1006760,Inland Paperboard Packaging Rome,10426
BUCKSPORT Mill LLC,1006174,Bucksport Generation LLC,50243
WYETH PHARMACEUTICALS,1003151,Lederle Laboratories,10521
HAWAIIAN COMMERICAL AND SUGAR COMPANY,1005265,Hawaiian Comm & Sugar Puunene Mill,10604
ANHEUSER-BUSCH LLC,1006147,Anheuser-Busch Jacksonville,10431
S D WARREN CO,1005123,S D Warren Westbrook,50447
Verso Androscoggin LLC,1001296,Androscoggin Mill,54085
LINCOLN PAPER AND TISSUE,1002253,Lincoln Paper & Tissue,54587
Verso Androscoggin LLC,1001296,Androscoggin Energy Center,55031
Expera Old Town LLC,1007069,Red Shield Environmental Old Town Facili,10700
CF Industries Nitrogen  LLC - Yazoo City Facility,1004183,CF Industries Yazoo City Complex,10195
LEAF RIVER CELLULOSE LLC,1008025,Leaf River Cellulose LLC,10233
International Paper - Vicksburg Mill,1000434,Georgia-Pacific Monticello Paper,10610
"WEYERHAEUSER NR COMPANY,COLUMBUS CELLULOSE FIBERS",1006703,Weyerhaeuser Columbus MS,50184
International Paper - Vicksburg Mill,1000434,International Paper Vicksburg Mill,54100
"Ergon Biofuels, LLC",1000634,Ergon Refining Vicksburg,54918
CF Industries Nitrogen  LLC - Yazoo City Facility,1004183,Terra Mississippi Nitrogen,10195
GEORGIA PACIFIC MONTICELLO LLC,1007627,Georgia Pacific Monticello Paper,10610
"ALABAMA RIVER CELLULOSE, LLC",1007917,Alabama River Pulp,10216
SIMPLOT PHOSPHATES,1003087,Simplot Phosphates,54472
International Paper-Courtland Mill,1000377,International Paper Courtland Mill,50245
"ERP COKE, L.L.C. COKE PLANT",1006585,Sloss Industries Corp,50359
US Steel (Fairfield Works),1000159,Fairfield Works,50730
International Paper-Prattville Mill,1006892,International Paper Prattville Mill,52140
Resolute Forest Product - Coosa Pines Operation,1000305,U S Alliance Coosa Pines,54216
Onshore Treating Facility,1006148,ExxonMobil Mobile Bay Onshore,54550
International Paper - Pine Hill Mill,1002113,Weyerhaeuser Pine Hill Operations,54752
"West Rock Mill Company, LLC",1007964,Rock-Tenn Mill,54763
GEORGIA-PACIFIC BREWTON LLC,1005948,Georgia-Pacific Brewton Mill,54789
WestRock Coated Board  LLC,1000262,Mead Coated Board,54802
BOISE WHITE PAPER MILL,1002963,Boise Cascade Pulp & Paper Mill,55044
"Big Escambia Creek Gas Production  Treating and Processing Facility (BEC)	",1002251,Big Escambia Creek,50724
GEORGIA-PACIFIC CONSUMER PRODUCTS LP,1006962,Georgia Pacific Naheola Mill,10699
DUPONT SABINE RIVER WORKS,1003382,Sabine River Works,10789
AG PROCESSING INC-EAGLE GROVE,1006054,AG Processing Inc,10223
CARGILL INC - EDDYVILLE,1007881,Cargill Corn Milling Division,10855
ADM MILLING COMPANY,1000034,Archer Daniels Midland Des Moines,10861
ADM CORN PROCESSING,1006047,Archer Daniels Midland Cedar Rapids,10864
ADM CORN PROCESSING,1006208,Archer Daniels Midland Clinton,10860
Otter Creek Ethanol dba Poet Biorefining Ashton,1009523,Otter Creek Ethanol Poet - Ashton,58138
BIRON MILL,1003327,Biron Mill,10234
GEORGIA-PACIFIC CONSUMER PRODUCTS LP,1000589,Green Bay West Mill,10360
WISCONSIN RAPIDS PAPER MILL,1004874,Wisconsin Rapids Paper Mill,10466
WISCONSIN RAPIDS FIBER AND ENERGY MILL,1006095,Wisconsin Rapids Pulp Mill,10477
DOMTAR PAPER COMPANY LLC,1005345,Domtar Paper Company Rothschild,50190
ADM - MANKATO,1002154,Archer Daniels Midland Mankato,10863
"SAINT-GOBAIN ABRASIVES and SAINT-GOBAIN CERAMICS & PLASTICS, INC.",1003037,Norton Powerhouse,50041
DOMTAR A. W. LLC-NEKOOSA,1004396,Georgia-Pacific Corp - Nekoosa Mill,50395
KIMBERLY-CLARK CORP,1002013,Park Mill,50408
PACKAGING CORPORATION OF AMERICA-TOMAHAWK,1003884,Packaging of America Tomahawk Mill,50476
"WESTROCK TEXAS, L.P.",1002305,MeadWestvaco Evadale,50101
Expera Specialty Solutions LLC - Mosinee Mill,1007273,Expera Specialty Solutions - Mosinee Mill,50614
FLAMBEAU RIVER PAPERS LLC,1007644,Flambeau River Papers,50620
"Expera Specialty Solutions, LLC",1005991,Rhinelander Mill,50933
THILMANY MILL,1002339,Kaukauna Paper Mill,54098
Combined Locks Energy Center  LLC,1000078,Combined Locks Energy Center,55558
STEVENS POINT MILL,1006193,Stevens Point Mill,55861
NEENAH PAPER INC - WHITING MILL,1005293,Whiting Mill,10476
Expera Specialty Solutions LLC - Mosinee Mill,1007273,Mosinee Paper,50614
P H Glatfelter Company - Chillicothe Fac,1000183,P H Glatfelter Co -Chillicothe Facility,10244
ArcelorMittal Cleveland LLC,1007177,Arcelormittal Cleveland Inc,10398
Procter & Gamble Company - Ivorydale,1000186,Procter & Gamble Cincinnati Plant,50456
"WestRock CP, LLC",1003419,RockTenn Coshocton Mill,50811
Toledo Refining Company,1001056,Toledo Ref Power Recovery Train,50965
Wausau Paper Towel & Tissue  LLC,1006558,Wausau Paper Middletown,57940
SMART PAPERS - HAMILTON MILL (1409040212),1005904,Smart Papers LLC,50247
SunCoke Energy Middletown Operations,1006159,"Middletown Coke Company, LLC",57822
Toledo Refining Company,1001056,Sunoco Toledo Ref Power Recovery Train,50965
ARCELORMITTAL BURNS HARBOR LLC,1003962,ArcelorMittal Burns Harbor,10245
Bunge North America (East) LLC,1004599,Bunge North America East LLC,50316
US Steel Corp - Gary Works,1000418,Gary Works,50733
TATE & LYLE SAGAMORE,1001675,Sagamore Plant Cogeneration,50903
BP Whiting Business Unit,1007339,Whiting Refinery,52130
EVONIK CORPORATION TIPPECANOE LABORATORIES,1004833,Evonik Industries AG,54835
Indiana Harbor Coke Company,1007287,Heat Recovery Coke Facility,55066
"SABIC INNOVATIVE PLASTICS MT. VERNON, LLC",1007511,SABIC Innovative Plastics Mt. Vernon,58063
ArcelorMittal Indiana Harbor Long Carbon,1005021,ArcelorMittal Indiana Harbor West,10397
Indiana Harbor Coke Company,1007287,5 AC Station,54995
DOMTAR PAPER KINGSPORT MILL,1005959,Domtar Kingsport Mill,10252
Cargill Corn Milling,1000407,Cargill Corn Wet Milling Plant,10729
Packaging Corporation of America,1007867,Packaging Corp of America,50296
Resolute Forest Products Calhoun Operation,1000311,Bowater Newsprint Calhoun Operation,50956
DuPont Old Hickory,1000296,Old Hickory Plant,10797
International Paper - Valliant Mill,1006776,International Paper Valliant OK,50192
Covanta WBH,1004963,Covanta WBH LLC,50660
Cana Gas Plant,1001589,Cana Gas Processing Plant,57597
Covanta WBH,1004963,Covanta Tulsa Renewable Energy LLC,50660
Phillips 66 Ponca City Refinery,1001920,Ponca City Refinery,52188
Anheuser-Busch LLC. - St. Louis Brewery,1002037,Anheuser-Busch St Louis,10430
General Motors LLC Wentzville,1004317,Wentzville Assembly & Contiguous,57932
HERCULES INCORPORATED,1001631,Ashland Inc,10207
BOISE WHITE PAPER LLC,1007994,Boise Cascade International Falls,10486
NORTHSHORE MINING CO - SILVER BAY,1005276,Silver Bay Power,10849
SAPPI CLOQUET LLC,1001995,Sappi Cloquet Mill,50639
NORTHSTAR ETHANOL LLC,1005020,Poet Biorefining Lake Crystal,58197
WAUSAU PAPER MILLS LLC,1003856,Wausau Paper Mills LLC,50636
VERSO PAPER CORP. - SARTELL MILL,1003164,International Paper Sartell Mill,50252
AMALGAMATED SUGAR CO LLC,1005712,Amalgamated Sugar Twin Falls,10504
JR SIMPLOT COMPANY DON SIDING COMPLEX,1005035,Simplot Leasing Don Plant,50274
AMALGAMATED SUGAR CO LLC,1005707,Amalgamated Sugar LLC Nampa,54690
EVERGREEN PACKAGING-PINE BLUFF,1003501,Pine Bluff Mill,10627
GEORGIA-PACIFIC  LLC-CROSSETT,1007214,Georgia-Pacific Crossett LLC,10606
MARTIN OPERATING PTNR LP,1007661,Cross Oil Refining & Marketing,58077
INVISTA S.a.r.l. Camden Plant,1000276,Camden South Carolina,10795
WestRock CP  LLC - Florence Mill,1000319,Florence Mill,50806
International Paper-Eastover Mill,1006262,International Paper Eastover Facility,52151
International Paper - Georgetown Mill,1007912,International Paper Georgetown Mill,54087
Marlboro Paper Mill,1000324,Marlboro Mill,57470
Sonoco Products Co.,1000353,Sonoco Products Co,57919
BMW MANUFACTURING CORPORATION,1005880,BMW Manufacturing Co,58173
WestRock CP  LLC - Florence Mill,1000319,Stone Container Florence Mill,50806
ARCHER DANIELS MIDLAND COMPANY,1005935,Archer Daniels Midland Lincoln,10862
WESTERN SUGAR COMPANY,1000019,Western Sugar Coop - Scottsbluff,57937
Axiall Corporation - Natrium Plant,1000254,PPG Natrium Plant,50491
Bayer Cropscience Institute Plant,1000275,Bayer CropScience Institute Plant,57917
UCC South Charleston Plant,1000272,Union Carbide South Charleston,50151
Occidental Chemical Corporation,1001704,Wichita Plant,50169
"PRAIRIE HORIZON AGRI-ENERGY, L",1006936,Prairie Horizon Agri Energy,58183
ARKALON ETHANOL LLC,1006203,Arkalon Ethanol LLC,58192
BONANZA BIOENERGY  LLC,1004091,Bonanza BioEnergy LLC,58193
Abengoa Bioenergy Biomass of Kansas,1011661,ABBK Biomass Plant,58613
EAST KANSAS AGRI-ENERGY,1004792,"East Kansas Agri-Energy, LLC",59383
NORTHWEST PIPELINE GP WASHOUGAL C/S,1009215,Weyerhaeuser Longview WA,50187
Sierra Pacific Industries - Aberdeen,1010895,Sierra Pacific Aberdeen,55882
Sierra Pacific Industries - Burlington,1010898,Sierra Pacific Burlington Facility,56406
WestRock Tacoma Mill,1000624,"RockTenn CP, LLC-Tacoma Mill",57099
GEORGIA PACIFIC CONSUMER PRODUCTS CAMAS LLC,1005998,Consumer Products (Camas) LLC,57759
WestRock Tacoma Mill,1000624,WestRock (WA),57099
WestRock Tacoma Mill,1000624,Simpson Tacoma Kraft Biomass,57099
Weyerhaeuser - New Bern,1000228,Weyerhaeuser New Bern NC,50188
Domtar Paper Company LLC - Plymouth,1000229,Domtar Paper Co LLC Plymouth NC,50189
Blue Ridge Paper Products Inc.,1000230,Canton North Carolina,50244
KapStone Paper and Packaging Corp,1000166,KapStone Kraft Paper Corp,50254
International Paper-Riegelwood,1007226,International Paper Riegelwood Mill,54656
SMITHFIELD FARMLAND CORP-TAR HEEL,1001851,Smithfield Farmland Corp Bladen,54823
Patheon Manufacturing Services LLC/ DSM DYNEEMA,1001771,DSM Pharmaceuticals,54887
International Paper - Springfield Mill,1002149,IP Springfield Oregon,50191
WestRock Northwest LLC - Newberg Mill,1000428,SPFT - Newberg Cogen,56124
WAUNA MILL,1008042,Georgia-Pacific Wauna Mill,56192
Seneca Sustainable Energy  LLC,1008996,Seneca Sustainable Energy LLC,57457
GEORGIA-PACIFIC TOLEDO LLC,1004055,Georgia-Pacific Toledo Mill,58109
WestRock Northwest LLC - Newberg Mill,1000428,SP Newsprint- Newberg Cogen,56124
Eastman Chemical Company,1000232,Tennessee Eastman Operations,50481
IGNACIO GAS PLANT,1002532,Williams Ignacio Gasoline Plant,50205
CLEWISTON SUGAR HOUSE,1006008,Clewiston Sugar House,50482
CATERPILLAR INCORPORATED,1004470,Caterpillar,50935
TROPICANA MANUFACTURING CO INC,1004365,Tropicana Products Bradent,50971
CLEARWATER PAPER CORP-CYPRESS BEND MILL,1002708,Clearwater Paper APP CB,50638
Luke Paper Company,1001237,Luke Mill,50282
LAFARGE MIDWEST INC,1005874,LaFarge Alpena,50305
CLEARWATER PAPER CORP,1004705,Clearwater Paper IPP Lewiston,50637
ROSEBURG FOREST PRODUCTS - DILLARD,1004416,Dillard Complex,50396
American Sugar Refining  Inc. - Baltimore Refinery,1001859,Domino Sugar Baltimore,54795
RG Steel Sparrows Point LLC,1000553,"RG Steel Sparrows Point, LLC",10485
WestRock CP  LLC - Uncasville Mill,1001697,Uncasville Mill,50801
Pfizer,1006941,Pfizer Groton Plant,54236
Pratt & Whitney  East Hartford,1001281,Pratt & Whitney,54605
FUSION PAPERBOARD,1001087,Versailles Mill,54657
RAND-WHITNEY CONTAINERBOARD LP,1003488,Rand Whitney CHP Plant,58184
WestRock CP  LLC - Uncasville Mill,1001697,Stone Container Uncasville,50801
GALLUP REFINERY,1003355,Gallup Refinery,50997
Freeport-McMoRan Chino Mines Co.,1003763,Chino Mines,54667
Elk Basin Gas Plant,1004924,Elk Basin Gasoline Plant,52127
Tata Chemicals (Soda Ash) Partners,1005040,General Chemical,54318
SINCLAIR OIL CORPORATION,1007217,Sinclair Oil Refinery,54374
BEAVER CREEK GAS PLANT,1007568,Beaver Creek Gas Plant,55278
Shute Creek Facility,1002150,Shute Creek Facility,56312
Western Sugar Cooperative,1001822,Western Sugar Coop - Torrington,57967
Tesoro Mandan Refinery,1005966,Tesoro Mandan Cogeneration Plant,52133
American Crystal Sugar Company - Drayton,1006878,American Crystal Sugar Drayton,54213
Tesoro Mandan Refinery,1005966,Mandan Refinery,52133
TESORO ALASKA PETROLEUM CO,1007741,Tesoro Kenai Cogeneration Plant,52184
UNISEA - DUTCH HARBOR,1003407,Unisea G 2,54422
Delaware City Refinery,1007322,Delaware City Plant,52193
"Air Products and Chemicals, Inc.",1007116,Calvert City,55308
DOMTAR PAPER CO LLC HAWESVILLE MILL,1000961,Kentucky Mills,55429
Continental Silver Grove  LLC.,1006449,Silver Grove,57955
"Kennecott Utah Copper, LLC",1005234,Kennecott Power Plant,56163
"Tesoro Refining and Marketing Company, Salt Lake City Refinery",1006039,Tesoro SLC Cogeneration Plant,56509
US MAGNESIUM LLC,1000030,US Magnesium,58191
PHILLIPS 66 BILLINGS REFINERY,1007506,Phillips 66 Billings Refinery,56496
SIDNEY SUGARS INCORPORATED,1005119,Sidney MT Plant,57914
ExxonMobil Refining and Supply Billings Refinery,1007000,ConocoPhillips Billings Refinery,56496
BARRICK WESTERN 102 POWER PLANT,1004748,Western 102 Power Plant,56500
